Id,YearOfBirth,EducationLevel,MartialStatus,Income,NumberOfChildren,NumberOfTeens,DateTimeOfBecomingCustomer,Recency,NumberOfWineProducts,NumberOfFruitProducts,NumberOfMeatProducts,NumberOfFishProducts,NumberOfSweetProducts,NumberOfGoldProducts,NumberOfDealPurchases,NumberOfWebPurchases,NumberOfCatalogPurchases,NumberOfInStorePurchases,NumberOfWebVisitsPerMonth,AcceptedCampaign1,AcceptedCampaign2,AcceptedCampaign3,AcceptedCampaign4,AcceptedCampaign5,NumberOfComplaints,ResponseToCampaign
1,1978,Graduate,Widowed,39746.09,0,1,5/22/19 11:30,41,501,23,115,0,53,88,9,10,5,17,0,0,0,1,0,1,0,0
2,1991,PhD,Married,60643,4,2,7/28/23 17:16,72,407,52,298,17,53,88,5,4,1,1,9,0,1,0,0,1,1,0
3,1968,High School,Married,46829.96,3,2,10/27/22 23:36,92,94,47,0,33,27,0,6,14,3,19,7,0,1,1,1,0,2,0
4,1954,Basic,Divorced,48238.99,0,0,2/7/14 15:07,74,125,17,92,50,13,44,0,9,8,14,5,1,1,1,1,0,1,1
5,1982,Graduate,Married,49592.62,0,2,4/21/14 15:48,17,501,12,206,25,40,44,5,13,3,16,2,0,0,1,0,1,3,1
6,1947,Graduate,Married,58614.63,4,1,7/27/23 17:27,62,31,52,115,0,0,88,2,1,4,9,2,1,0,0,1,0,3,1
7,2000,Basic,Widowed,45371.76,3,2,12/29/22 13:38,29,125,0,321,42,53,88,0,2,4,0,5,1,1,0,1,1,2,1
8,1960,PhD,Divorced,60304.2,0,0,2/25/21 20:56,58,94,52,229,8,13,88,7,7,9,5,6,0,0,0,1,1,2,1
9,1978,Basic,Widowed,48903.97,0,2,6/13/10 15:29,70,94,29,161,17,0,88,3,14,7,2,7,0,0,0,1,0,0,1
10,1997,High School,Single,33994.75,3,1,6/21/16 3:38,78,156,35,229,25,27,88,9,9,5,18,4,1,1,1,1,1,1,0
11,1958,Basic,Single,49448.36,2,0,8/11/23 11:46,22,595,52,321,42,53,44,7,13,9,6,9,1,1,1,1,1,0,0
12,1962,Graduate,Single,34771.8,0,1,12/25/13 23:11,6,376,41,321,42,40,44,9,4,6,12,5,1,0,1,0,0,2,0
13,1950,Basic,Divorced,50614.8,1,0,9/7/23 12:40,26,125,0,184,50,27,44,3,3,5,12,0,1,0,0,1,0,2,0
14,1950,PhD,Married,62442.11,3,2,12/3/18 19:05,39,188,17,229,33,53,44,3,4,4,16,5,0,1,1,0,0,4,1
15,1963,Postgraduate,Divorced,33895.56,0,0,6/6/17 22:16,12,595,23,46,50,13,0,9,9,4,0,8,0,1,0,0,0,0,0
16,1992,Basic,Divorced,55464.1,4,0,1/27/18 1:35,99,0,6,23,8,0,44,3,5,2,13,9,0,0,0,0,0,2,0
17,1975,PhD,Married,37564.44,1,2,7/25/16 19:48,14,407,0,275,0,0,0,5,11,6,2,3,1,0,0,1,0,3,1
18,1979,PhD,Widowed,53025.51,0,1,11/18/18 22:37,22,94,41,69,75,53,44,8,6,9,13,9,1,0,1,1,1,4,0
19,1963,Graduate,Single,62903.06,1,2,8/13/20 12:32,51,501,29,161,59,27,88,4,13,4,0,0,1,1,1,1,0,1,0
20,1942,PhD,Widowed,18057.3,1,0,11/10/10 0:39,23,407,23,229,0,40,88,9,12,6,15,8,0,0,0,0,0,4,1
21,1961,PhD,Single,33282.86,2,2,9/8/19 10:54,48,469,47,161,8,13,88,7,8,1,9,3,1,0,1,0,1,1,0
22,1992,PhD,Divorced,44465.31,1,0,12/5/13 18:37,71,407,6,46,75,53,0,7,0,8,12,1,1,0,0,1,1,3,0
23,1941,PhD,Single,54725.61,2,2,3/7/20 5:34,50,469,52,69,42,13,44,3,3,7,3,0,0,0,1,1,0,1,1
24,1963,High School,Divorced,47504.25,3,2,8/21/21 0:06,89,595,41,46,0,0,44,9,11,4,8,2,0,0,0,0,1,0,0
25,1983,High School,Widowed,49311.79,2,1,8/20/13 12:53,13,219,52,206,75,40,0,8,11,1,13,6,1,0,0,0,1,1,0
26,1969,Graduate,Divorced,80644.77,4,0,11/17/19 13:08,85,63,47,23,17,13,0,8,8,5,3,9,0,1,0,0,1,1,0
27,1977,Basic,Widowed,31813.14,0,1,7/30/18 20:35,10,563,0,69,50,53,0,4,4,7,9,1,1,1,1,1,1,4,0
28,1941,PhD,Married,67032.28,3,0,8/31/21 12:20,55,0,35,115,59,40,0,5,7,6,7,8,0,1,1,0,1,3,0
29,1999,Basic,Married,44750.33,3,2,3/29/12 12:00,9,31,41,229,25,27,0,4,11,7,2,1,1,0,1,0,1,1,1
30,1960,Basic,Married,58242.12,4,0,11/8/23 17:09,79,438,12,298,17,53,88,2,0,3,6,4,0,1,1,0,1,0,0
31,1972,Graduate,Divorced,81934.2,2,1,4/3/13 22:09,52,282,17,229,0,13,44,7,3,2,9,7,0,0,1,1,0,4,0
32,1951,PhD,Married,60330.17,0,1,3/13/12 6:45,2,532,12,92,67,40,0,8,11,6,2,9,0,0,0,1,1,3,0
33,1997,PhD,Single,55587.44,2,1,8/8/15 4:48,25,407,35,46,75,53,88,3,13,1,1,7,0,0,1,1,0,3,1
34,1961,Postgraduate,Widowed,73986.84,1,0,2/26/19 11:43,13,501,47,23,42,40,0,8,11,4,14,2,1,0,0,0,1,2,1
35,2000,Basic,Widowed,66871.98,2,1,3/2/23 14:29,98,376,12,184,42,40,88,8,8,6,8,1,1,0,1,0,1,0,1
36,1983,Basic,Single,38009.09,3,1,8/30/17 9:25,51,0,29,321,67,40,0,6,12,0,14,8,0,1,1,0,0,4,0
37,1964,High School,Divorced,54417.87,0,1,4/29/17 4:32,58,125,41,0,0,13,44,7,0,3,16,2,1,1,1,0,1,4,0
38,1988,Postgraduate,Divorced,24237.56,2,2,9/10/10 22:51,34,376,29,184,42,53,0,2,0,1,6,7,0,1,0,1,1,0,0
39,1966,High School,Widowed,41897.7,0,2,3/16/22 8:27,35,407,6,0,33,0,0,4,3,5,19,1,0,0,1,0,0,3,0
40,1998,High School,Married,54710.79,0,0,1/2/13 7:58,3,63,35,321,42,0,44,2,13,0,17,2,1,1,0,0,1,1,0
41,1981,High School,Divorced,40968.42,1,0,8/16/14 17:07,59,438,6,298,59,13,44,6,2,6,14,0,1,0,1,1,1,0,1
42,1967,Graduate,Divorced,54100.5,1,1,9/19/22 20:38,70,563,6,138,33,13,0,5,6,2,17,5,1,1,0,0,0,4,0
43,1999,Graduate,Single,49799.23,3,2,11/12/19 10:04,48,501,6,115,8,40,44,2,10,0,11,6,1,1,0,0,0,0,0
44,1955,High School,Single,58046.25,4,1,7/20/13 20:29,64,63,0,138,8,53,44,8,2,7,7,3,1,1,0,0,1,3,1
45,1954,Postgraduate,Married,43637.01,0,1,10/15/14 18:56,19,469,0,321,75,53,88,0,0,6,1,0,1,1,0,1,0,2,1
46,2001,Basic,Divorced,35897.77,4,2,2/24/11 15:10,67,407,35,46,33,27,44,9,11,1,1,2,1,1,1,0,1,2,1
47,2001,Postgraduate,Divorced,72171.9,3,2,11/9/22 23:59,82,344,23,298,17,27,44,2,14,6,4,8,0,1,1,1,1,1,1
48,1986,PhD,Single,42564.55,0,2,5/31/20 4:05,73,344,12,46,75,0,0,9,10,2,0,4,1,0,0,0,0,1,1
49,2001,Graduate,Divorced,59900.16,0,0,5/23/12 5:29,76,313,0,275,17,27,0,6,9,8,3,5,0,0,1,1,0,3,0
50,1990,Basic,Widowed,71528.71,4,0,5/19/21 0:16,5,501,52,229,59,27,88,2,1,7,5,3,1,0,0,1,0,1,0
51,1983,Basic,Single,52440.05,2,1,10/7/22 8:03,67,219,29,0,50,0,0,2,9,4,12,0,1,0,1,1,0,2,0
52,1994,PhD,Married,37155.4,1,0,10/21/17 9:37,11,501,0,69,0,0,44,1,12,6,18,4,0,0,1,0,1,3,0
53,1991,PhD,Single,47320.85,2,2,4/25/19 0:41,94,595,47,252,33,27,44,8,3,2,10,4,0,1,1,0,0,3,0
54,1996,High School,Divorced,65263.11,4,2,11/5/22 3:32,68,313,6,23,67,53,44,3,0,0,12,4,0,0,0,1,0,3,1
55,1942,Graduate,Married,53093.71,1,0,2/11/14 0:12,69,31,0,206,25,27,0,9,0,0,7,5,0,0,1,1,1,0,0
56,1976,Graduate,Single,31922.87,2,1,9/16/14 3:55,1,282,35,161,0,40,44,5,11,1,6,1,1,0,0,0,1,1,0
57,1990,Postgraduate,Widowed,58949.66,1,1,12/3/21 8:02,91,282,29,46,59,40,44,1,13,7,12,0,1,0,1,1,1,4,1
58,1946,High School,Widowed,61542.97,0,0,6/16/16 15:37,92,313,29,138,33,40,88,8,7,0,0,1,0,0,0,0,1,2,1
59,1960,High School,Single,44670.32,2,1,12/17/18 13:58,63,156,23,138,8,13,88,6,6,4,5,9,0,0,1,0,1,1,0
60,1948,High School,Widowed,59153.67,1,1,12/10/14 3:01,29,94,17,252,0,40,88,9,13,8,6,5,1,0,0,1,1,2,0
61,1978,High School,Widowed,53675.28,1,1,11/27/16 3:04,82,344,17,184,17,53,0,4,7,8,15,4,1,0,0,1,1,1,1
62,1957,Graduate,Widowed,47038.56,1,2,4/21/17 0:07,12,313,12,115,67,13,44,6,12,1,14,4,0,0,0,0,1,4,0
63,1943,Graduate,Married,30596.96,2,2,1/9/10 12:20,77,376,52,0,0,13,44,3,3,6,19,5,1,1,1,0,1,2,1
64,1964,High School,Widowed,66169.31,3,0,8/7/20 23:29,41,125,41,161,25,40,44,9,5,0,1,9,1,0,0,0,0,4,0
65,1999,Postgraduate,Widowed,61388.16,2,2,4/27/19 15:58,2,156,35,0,59,27,88,6,14,2,15,6,0,0,1,1,0,2,1
66,1953,Basic,Widowed,58758.29,4,1,12/8/19 8:12,37,0,47,46,59,0,44,1,12,5,16,8,0,1,0,0,1,0,1
67,1989,Basic,Married,73167.89,2,2,6/10/23 20:30,45,156,0,229,75,27,44,6,2,8,14,6,0,1,0,1,0,0,1
68,1997,Postgraduate,Single,64177.91,1,0,4/30/18 18:12,80,532,35,92,59,27,44,3,10,9,2,1,0,0,0,1,1,2,0
69,1948,High School,Divorced,60298.49,0,2,9/3/20 6:27,48,250,52,161,75,13,44,3,12,1,3,5,1,0,1,0,1,2,1
70,1965,Graduate,Widowed,16801.59,2,1,12/15/17 7:57,24,438,17,184,59,13,44,0,7,6,11,8,0,0,1,1,1,4,1
71,1992,Basic,Single,67953.42,2,1,12/2/14 20:09,99,219,35,321,25,13,0,2,3,3,4,6,1,1,1,1,1,3,0
72,1941,PhD,Widowed,51246.21,1,0,7/14/13 20:36,22,563,0,138,59,53,44,4,2,1,16,1,1,0,1,1,0,2,0
73,1959,PhD,Married,54687.38,0,2,12/16/20 10:53,11,469,23,184,67,53,0,4,3,2,5,2,1,1,1,1,0,1,0
74,1967,Postgraduate,Single,54790,0,2,5/16/18 23:28,58,156,12,229,50,0,44,1,5,5,9,7,1,1,1,0,1,1,1
75,1986,High School,Married,61607.49,4,2,6/30/14 7:19,46,156,23,46,8,13,0,3,10,9,17,8,0,1,1,0,0,1,1
76,1999,Basic,Widowed,66832.63,2,1,9/15/12 4:04,29,63,17,275,67,40,44,0,6,8,9,3,1,1,0,1,0,0,1
77,1946,High School,Widowed,59513.62,0,0,7/15/21 10:01,35,282,6,92,59,13,44,8,6,7,5,8,0,1,0,1,1,4,0
78,1983,Basic,Married,57129.28,0,2,4/6/14 0:06,15,0,17,206,33,53,44,0,13,9,5,1,1,0,1,1,1,0,0
79,2000,Postgraduate,Divorced,53472.69,3,1,3/3/15 8:47,60,407,12,161,17,13,44,5,14,8,19,4,0,0,1,1,0,1,1
80,1947,Postgraduate,Married,10000,3,1,10/7/21 13:08,95,94,0,252,50,53,88,6,11,3,14,1,1,1,1,1,0,2,0
81,1986,PhD,Widowed,45686.13,0,1,1/29/13 0:57,42,344,52,0,8,13,44,2,3,3,3,0,1,1,1,0,1,1,0
82,1974,High School,Married,35876.16,4,2,8/14/11 19:44,43,156,41,161,17,40,0,0,7,8,15,4,0,1,1,0,1,2,1
83,1953,PhD,Divorced,68161.09,0,2,4/18/13 23:15,80,313,23,138,67,0,88,6,6,7,7,1,0,1,0,0,0,4,1
84,1956,High School,Married,59285.56,1,2,12/21/18 12:15,74,344,17,0,25,40,88,2,1,1,6,6,0,0,1,0,1,3,0
85,1975,PhD,Divorced,43127.95,2,2,7/21/16 7:48,49,282,52,275,25,53,44,9,12,7,18,7,0,1,1,1,1,2,1
86,1989,Graduate,Divorced,44634.24,4,2,3/7/11 20:17,64,532,23,275,17,27,0,5,7,0,16,1,1,1,1,1,1,0,0
87,1979,Graduate,Married,44090.28,1,2,8/15/15 1:26,32,188,17,206,33,40,0,5,8,8,12,6,1,0,0,0,0,1,0
88,1943,Graduate,Married,43822.61,4,2,5/15/10 11:41,64,188,12,252,17,13,88,3,4,8,14,3,1,0,0,0,0,1,1
89,1941,Graduate,Single,28331.64,1,2,9/19/22 19:00,2,313,23,206,67,0,0,5,14,7,1,0,1,0,0,0,1,1,1
90,2001,Basic,Widowed,25080.81,2,2,1/27/13 5:36,24,94,17,321,17,13,44,9,3,4,9,2,1,0,0,1,0,2,0
91,1945,Graduate,Divorced,50435.7,2,1,1/18/18 5:25,87,595,0,252,8,13,44,3,3,4,12,0,0,1,1,1,1,4,0
92,1993,Postgraduate,Single,66129.71,3,2,8/10/12 1:36,66,0,12,115,33,40,44,7,12,2,17,4,0,1,0,1,0,2,1
93,1981,Postgraduate,Married,41934.65,1,0,12/29/12 20:41,38,376,52,0,42,0,44,8,3,4,10,7,1,1,0,0,0,0,0
94,1943,Basic,Widowed,54551.67,3,1,9/22/21 3:55,31,532,52,23,0,27,44,1,5,3,12,0,0,1,0,0,0,1,0
95,1993,Graduate,Single,61013.91,1,2,7/20/15 16:18,26,250,41,92,42,13,88,6,10,0,18,8,1,1,0,1,1,2,0
96,1968,Graduate,Divorced,35099.33,3,0,2/10/20 21:20,29,250,35,23,75,0,44,8,3,8,4,2,1,1,0,1,1,1,0
97,1957,Graduate,Single,49700.37,2,2,3/24/17 6:45,67,250,6,298,17,27,44,8,6,9,2,4,0,1,1,1,1,0,0
98,1965,PhD,Divorced,40002.19,4,0,8/29/18 15:33,78,282,0,206,25,13,88,4,6,3,18,8,1,1,0,0,0,3,1
99,1983,High School,Married,74091.79,3,0,8/29/12 3:05,25,31,12,0,42,0,88,0,4,2,12,4,0,1,0,1,1,3,0
100,1973,PhD,Widowed,73436.89,1,0,2/11/11 9:50,48,156,23,115,59,40,88,5,12,5,4,8,1,0,0,1,1,3,0
101,1949,High School,Widowed,35114.86,1,0,8/13/15 8:06,65,438,52,161,67,13,0,7,4,0,11,9,0,1,1,0,1,1,1
102,2001,Graduate,Widowed,55788.27,2,1,12/17/10 22:47,53,63,0,161,42,13,0,0,14,4,13,7,1,0,1,1,1,2,1
103,1975,Graduate,Married,66013.99,1,1,10/30/10 2:25,67,313,12,275,50,0,44,1,9,6,5,6,1,0,1,1,0,1,1
104,1953,PhD,Divorced,62724.94,0,0,10/30/14 20:36,90,156,12,275,33,13,44,0,7,1,8,0,0,0,1,1,1,4,0
105,1970,PhD,Married,51223.45,4,2,10/27/15 9:38,18,63,23,161,67,27,44,4,6,9,16,3,1,0,1,1,1,2,0
106,1987,High School,Widowed,69598.36,3,0,9/17/20 16:54,9,313,12,229,25,13,0,1,13,8,7,8,1,1,1,0,0,0,1
107,1954,Postgraduate,Married,36432.28,4,1,10/24/16 10:48,38,438,47,115,75,53,44,9,6,5,12,9,0,0,1,1,1,3,1
108,1947,High School,Married,45453.61,2,2,3/13/23 12:26,87,376,0,229,42,27,44,9,5,1,4,7,0,0,1,0,0,2,1
109,1953,PhD,Married,36835.36,3,1,8/3/17 3:25,21,595,17,46,33,0,0,3,6,7,16,3,0,1,0,1,0,2,1
110,1962,PhD,Divorced,61737.4,3,1,1/31/10 12:39,65,282,52,0,0,27,88,0,6,7,2,0,1,0,0,0,0,3,1
111,1999,Basic,Single,41260.45,0,2,9/8/15 23:46,21,156,52,23,33,53,0,6,9,0,5,9,0,1,1,1,1,0,0
112,1996,PhD,Single,47431.26,2,0,9/1/11 4:48,27,438,17,92,33,53,44,7,13,0,13,3,0,1,0,1,0,1,1
113,2001,Basic,Married,59265.06,1,0,4/1/18 8:51,70,532,0,275,67,13,0,4,1,0,14,2,0,1,1,0,0,1,0
114,1979,Postgraduate,Single,60473.75,0,0,9/12/10 14:20,44,532,6,206,0,13,88,1,13,3,13,5,1,1,0,1,0,2,0
115,1960,High School,Single,36393.1,0,0,5/11/12 9:39,28,188,0,92,33,40,88,7,9,3,10,4,0,0,0,1,1,3,1
116,1955,High School,Married,65849.83,4,2,8/27/17 1:02,45,438,29,206,50,27,88,0,1,7,10,4,1,1,1,0,0,4,1
117,1984,Basic,Married,56835.35,4,2,7/23/20 11:03,17,532,12,298,42,40,88,6,13,0,8,1,1,0,0,1,0,0,1
118,1957,High School,Widowed,33774.46,4,2,9/11/23 6:10,40,532,35,0,42,53,88,0,9,9,5,2,0,0,1,1,0,1,1
119,1986,PhD,Single,30084.26,0,1,2/21/16 13:25,3,595,23,0,50,13,88,5,6,2,14,5,1,1,1,1,1,0,1
120,1992,Graduate,Divorced,49762.7,1,2,9/27/23 13:08,76,250,47,321,42,13,44,5,13,0,11,1,1,0,0,1,0,0,0
121,1963,Basic,Married,62751.41,3,0,3/17/19 13:50,76,31,35,184,33,13,44,4,9,8,5,3,1,1,1,1,0,0,1
122,1965,High School,Widowed,63135.74,4,1,10/10/16 16:47,66,219,17,23,75,0,0,1,6,9,0,1,1,0,0,0,1,3,1
123,1964,Basic,Divorced,55342.5,1,0,5/7/18 14:46,46,595,23,138,33,53,44,1,6,8,15,8,1,0,0,0,1,3,0
124,1999,Basic,Single,50730.12,2,0,2/12/18 20:27,86,31,23,206,67,13,88,8,4,6,19,2,0,0,1,1,1,3,1
125,1999,Graduate,Widowed,57676.07,4,2,2/25/10 16:20,87,313,23,69,59,53,44,4,0,7,14,9,0,0,1,1,0,2,1
126,1999,PhD,Married,37170.04,3,2,11/28/20 21:16,30,188,52,138,75,13,0,4,13,0,1,9,0,1,1,0,0,3,1
127,1984,Basic,Divorced,75304.82,2,0,8/6/18 0:55,69,156,47,161,25,27,88,6,1,4,16,5,1,1,1,0,0,2,0
128,1980,High School,Married,75109.08,2,0,11/21/21 23:23,9,282,52,92,25,53,44,5,12,1,2,0,0,0,1,0,0,1,1
129,1968,Postgraduate,Single,56432.18,3,1,7/4/11 3:42,85,125,12,275,75,40,44,1,8,0,2,9,1,0,0,0,1,1,1
130,1954,Basic,Divorced,52959.51,4,2,6/8/11 12:55,11,313,29,252,33,0,0,0,7,2,4,2,1,0,1,0,0,1,1
131,1984,Basic,Single,43828.69,0,1,7/21/23 18:27,69,0,41,252,17,40,88,4,7,6,16,7,1,0,0,0,1,1,1
132,1940,Graduate,Single,57931.23,3,1,12/19/18 16:05,99,31,47,0,59,53,0,3,9,0,16,4,1,1,1,1,0,1,0
133,1964,PhD,Widowed,39630.24,3,1,4/11/10 21:05,91,0,35,69,50,13,88,2,0,1,19,7,0,0,0,1,0,3,1
134,1946,Postgraduate,Married,16645.82,3,0,3/4/12 12:34,66,563,12,206,33,53,88,1,5,1,5,1,1,0,0,1,0,4,0
135,1948,High School,Divorced,10000,2,1,10/8/13 14:43,88,31,0,46,75,0,44,9,14,3,0,6,0,0,0,1,1,3,1
136,1963,Postgraduate,Single,38007.53,1,1,10/22/14 23:13,31,595,17,206,17,53,0,1,14,2,6,8,0,1,0,1,1,4,1
137,1940,High School,Single,52345.67,0,0,9/24/10 21:52,33,94,29,321,33,13,0,3,8,2,14,6,1,0,0,0,1,3,1
138,1983,PhD,Divorced,54979.58,4,2,9/21/16 20:00,39,344,12,252,17,40,0,1,14,9,6,2,0,1,1,0,1,1,0
139,1947,High School,Single,42698.64,4,2,10/27/23 18:23,94,595,0,92,75,27,88,3,7,4,18,6,0,1,0,0,0,0,1
140,1963,Graduate,Widowed,52127.53,1,1,3/17/21 9:11,46,532,29,206,33,40,0,2,2,2,19,7,0,0,1,0,0,4,1
141,1950,Graduate,Widowed,45886.57,3,0,12/25/19 13:58,37,0,0,275,0,13,88,8,3,6,10,0,1,0,0,0,0,0,0
142,1990,Graduate,Widowed,35010.31,0,2,12/30/11 5:54,92,0,47,206,42,13,0,6,14,4,13,2,1,0,1,0,0,1,1
143,1956,Graduate,Widowed,49193.83,4,1,10/11/18 0:00,60,407,0,275,75,0,0,2,2,3,12,4,1,1,0,1,0,4,1
144,1947,Postgraduate,Single,62194.36,4,1,10/27/17 23:16,31,94,29,115,25,53,44,7,5,2,19,5,0,1,0,1,1,0,1
145,1974,PhD,Divorced,35689.07,3,0,9/2/19 20:08,11,125,0,23,25,53,0,8,13,3,8,2,0,0,1,0,1,3,1
146,1974,High School,Divorced,35695.93,1,1,9/6/20 19:11,87,313,35,138,59,40,44,6,8,1,8,3,1,1,1,1,0,1,0
147,1972,High School,Divorced,33961.24,0,2,8/5/13 18:23,2,376,12,275,8,27,44,5,14,0,15,4,1,0,0,0,0,3,0
148,1998,Graduate,Divorced,20952.22,1,0,7/12/23 7:26,27,469,29,46,25,27,88,3,7,2,11,2,0,0,0,1,0,3,0
149,1944,Graduate,Married,42796.96,1,2,2/15/18 0:51,99,376,35,321,8,0,0,4,14,1,9,3,1,0,1,0,0,1,1
150,1981,Basic,Divorced,60711.29,0,2,1/10/17 12:18,2,31,0,0,0,13,0,7,14,0,5,4,1,0,0,0,1,4,1
151,1978,PhD,Married,52608.74,0,2,9/14/13 11:15,21,469,0,206,75,0,0,2,12,0,17,1,0,0,0,1,0,2,1
152,1997,Postgraduate,Married,47461.24,4,1,10/21/22 20:12,58,156,23,46,17,53,44,1,9,1,1,9,0,0,1,0,0,2,1
153,1980,High School,Widowed,51935.97,4,1,1/9/13 19:05,5,407,29,184,59,13,0,2,3,8,19,8,1,1,0,1,0,1,0
154,1967,Basic,Married,42665.28,0,2,5/31/21 4:41,52,0,47,206,42,0,88,6,14,4,8,9,1,1,0,1,0,2,1
155,1946,Basic,Single,20781.7,2,2,9/2/10 23:54,45,501,0,229,50,40,88,7,1,8,18,7,1,1,1,0,1,0,0
156,1948,High School,Married,61755.78,4,0,2/11/15 8:38,85,313,17,229,8,53,0,0,12,7,5,5,1,0,0,0,0,4,1
157,1947,Postgraduate,Widowed,66066.87,2,0,11/27/20 23:20,93,563,52,321,42,27,44,6,7,5,1,9,0,0,1,0,1,3,1
158,1951,Basic,Married,39077.65,0,1,5/21/13 11:15,20,63,41,115,59,0,88,8,7,0,14,2,1,0,1,1,1,3,0
159,1973,Basic,Single,47737.47,4,1,7/5/22 19:06,61,313,52,229,59,53,88,2,13,9,16,1,1,1,0,1,0,1,1
160,1972,PhD,Single,46445.01,1,0,3/31/11 12:43,38,125,47,115,25,53,44,2,11,4,15,6,0,0,0,0,0,3,0
161,1987,Postgraduate,Single,55269.33,0,2,5/21/20 10:34,20,501,12,69,42,27,88,7,10,0,7,7,0,1,1,0,0,0,0
162,1994,Basic,Widowed,75348.4,3,1,5/1/10 14:24,25,188,6,321,33,27,44,3,5,6,9,9,0,0,1,0,0,0,1
163,1962,Postgraduate,Widowed,67396.87,2,2,8/3/15 13:59,2,282,17,161,67,27,88,7,13,9,9,0,0,1,0,0,0,1,0
164,2001,High School,Divorced,44346.29,0,0,5/19/11 10:14,32,313,6,92,59,0,44,4,7,7,17,5,0,0,1,0,1,3,0
165,1963,Graduate,Widowed,58136.96,0,1,1/21/18 13:05,26,63,0,138,8,27,88,2,8,7,9,6,0,0,0,0,1,2,1
166,1976,Basic,Single,68815.35,4,1,2/18/22 22:06,70,595,12,184,50,40,0,3,12,6,8,8,0,1,1,0,1,2,0
167,1974,PhD,Single,56125.18,4,0,5/13/16 4:48,41,282,35,275,50,53,88,3,0,1,18,2,1,1,1,1,1,4,0
168,1983,High School,Widowed,49929.51,4,1,9/19/16 1:48,67,282,0,275,0,27,88,7,8,4,0,1,1,1,1,1,1,1,1
169,1979,Postgraduate,Married,56690,3,0,3/21/22 17:39,97,407,6,298,0,53,0,5,1,3,3,4,0,0,0,0,0,4,0
170,1961,High School,Widowed,39450.93,4,1,2/19/19 7:42,1,344,0,92,25,13,0,6,13,4,2,9,1,1,1,0,0,2,1
171,1966,Basic,Widowed,41640.78,0,0,7/19/14 7:22,51,438,41,229,33,13,0,8,12,9,9,0,1,1,1,1,1,2,0
172,1974,Postgraduate,Single,34039.49,4,1,3/8/21 10:04,5,282,23,298,25,27,0,5,0,8,11,5,0,0,1,0,0,2,1
173,1940,Graduate,Divorced,54605.97,1,2,3/9/18 12:38,13,282,41,92,50,53,44,2,7,3,17,8,0,0,1,1,0,4,1
174,1974,High School,Single,48028.96,4,2,7/3/11 22:26,19,563,12,298,17,13,44,2,7,7,19,9,0,1,0,1,1,1,1
175,1976,Basic,Divorced,37653.23,3,2,3/30/18 16:18,12,0,35,69,50,27,88,2,10,7,5,8,0,0,1,0,1,0,1
176,1986,PhD,Single,47537.31,1,1,10/1/22 4:12,48,282,41,115,59,53,88,9,3,1,1,6,0,1,0,1,1,0,1
177,1953,Postgraduate,Widowed,57049.97,0,1,12/26/23 5:03,25,31,29,23,42,27,88,1,7,5,9,6,1,1,1,1,0,2,0
178,1942,High School,Single,78720.68,0,2,6/11/11 10:13,57,501,35,46,42,53,44,0,6,4,1,7,1,1,1,0,1,1,1
179,1940,High School,Single,65181.02,2,2,5/29/18 10:48,96,2,0,5,2,0,1,1,0,0,3,2,0,0,0,0,0,0,1
180,1944,Graduate,Single,15737.78,1,0,9/14/22 17:15,44,207,26,447,75,0,223,1,5,7,12,2,0,0,0,1,0,0,0
181,1965,Graduate,Widowed,53589.63,2,0,1/15/17 9:36,81,152,3,22,2,5,7,1,4,1,4,5,0,0,0,0,0,0,1
182,1994,PhD,Widowed,71439.86,1,0,2/12/17 16:00,77,12,11,10,3,12,9,3,2,1,3,6,0,0,0,0,0,0,0
183,1953,PhD,Widowed,29931.9,1,2,3/2/12 18:07,21,620,26,195,34,17,141,1,6,4,13,2,0,0,0,0,0,0,0
184,1978,Basic,Widowed,58273.39,3,2,12/31/11 7:11,16,47,1,6,0,0,12,1,1,1,3,6,0,0,0,0,0,0,1
185,1966,Basic,Divorced,46450.37,2,2,10/12/18 3:27,80,1,9,7,2,14,10,1,2,0,3,6,0,0,0,0,0,0,0
186,1948,PhD,Divorced,67254.36,3,0,8/26/12 15:35,45,10,1,18,10,4,7,1,1,1,2,9,0,0,0,0,0,0,0
187,1954,PhD,Married,56063.86,1,1,8/25/14 23:35,63,35,0,2,0,0,2,2,1,0,4,5,0,0,0,0,0,0,0
188,1954,Postgraduate,Widowed,36739.77,0,2,11/8/17 12:05,34,356,0,107,19,9,117,2,7,1,8,5,0,0,0,0,0,0,1
189,1965,Graduate,Divorced,46987.23,1,1,12/17/13 4:26,14,783,30,537,140,76,15,1,4,10,9,2,0,0,0,0,0,0,0
190,1981,Basic,Single,47874.56,3,1,9/3/15 5:01,13,42,1,18,3,0,4,2,2,0,3,7,0,0,0,0,0,0,1
191,1999,Graduate,Widowed,48152.33,2,1,2/16/20 3:47,52,1,4,10,29,0,36,1,1,1,2,6,1,0,0,0,0,0,1
192,1952,Graduate,Married,66788.94,2,0,11/23/12 17:05,98,466,22,432,147,113,102,1,8,7,12,3,0,0,0,0,0,0,0
193,1990,PhD,Married,37360.7,3,1,2/27/14 13:17,99,15,6,8,7,4,25,1,2,1,2,5,0,0,0,0,0,1,1
194,1971,Postgraduate,Married,65045.77,2,2,12/11/16 2:46,93,23,3,21,3,19,22,2,3,0,3,8,0,0,0,0,0,0,0
195,1978,High School,Single,45466.25,4,0,1/11/11 12:11,38,235,6,45,8,9,12,4,5,1,6,6,0,0,0,0,0,0,0
196,1988,Postgraduate,Divorced,53352.67,0,2,10/14/17 14:06,24,10,0,10,3,1,7,2,1,1,2,8,0,0,0,0,0,0,1
197,1991,Postgraduate,Single,51085.66,0,2,2/3/23 23:34,80,656,16,106,32,16,8,1,7,3,12,3,0,0,0,0,0,0,1
198,2000,Graduate,Widowed,49672.92,0,0,5/20/16 3:49,82,519,17,813,27,173,51,1,4,6,6,2,0,0,1,0,0,0,1
199,1971,Postgraduate,Married,49795.96,2,2,7/4/10 21:10,20,344,189,482,50,33,172,1,5,6,5,2,0,0,0,0,0,0,0
200,1943,Basic,Single,71860.38,2,2,5/1/19 5:14,81,96,1,79,7,1,79,6,5,1,3,8,1,0,0,0,0,0,0
201,1969,Graduate,Single,62636.75,1,0,1/26/17 15:47,50,448,4,34,6,4,39,3,8,1,7,5,0,1,0,0,0,0,0
202,1976,Basic,Divorced,44559.26,1,2,5/14/15 4:40,60,265,138,553,224,23,92,1,4,4,9,1,0,0,0,0,0,0,1
203,1962,High School,Divorced,73741.81,0,1,11/26/22 16:34,63,587,43,337,42,87,54,3,11,6,9,6,0,0,0,0,0,0,0
204,1978,Graduate,Married,54120.22,4,2,10/15/20 11:31,54,763,29,138,76,176,58,0,7,9,10,4,0,1,1,1,0,0,0
205,1984,High School,Single,55364.36,1,1,2/27/12 12:45,72,22,0,13,0,0,3,2,1,0,3,7,0,0,0,0,0,0,0
206,1954,Graduate,Single,37440.21,1,2,9/25/19 23:29,5,6,4,1,7,2,15,1,0,1,2,6,1,0,0,0,0,0,0
207,1982,PhD,Divorced,42537.52,2,0,10/5/14 6:55,88,7,6,13,7,6,14,1,1,0,3,9,1,0,0,0,0,0,1
208,1968,Postgraduate,Single,39672.45,4,0,4/4/15 20:30,50,81,18,113,47,13,21,6,4,2,5,6,0,0,0,0,0,0,0
209,1975,PhD,Single,51291.09,0,2,7/2/15 20:14,99,54,0,7,0,0,4,1,2,0,3,6,0,0,0,0,0,0,1
210,1952,High School,Single,59581.75,1,0,7/3/20 15:51,17,1170,48,320,42,32,192,5,11,4,9,8,1,0,0,0,0,0,0
211,1971,Postgraduate,Divorced,55508.48,4,2,2/1/12 10:34,11,72,24,68,65,4,8,5,3,1,6,4,0,0,0,0,0,0,0
212,1946,Graduate,Married,73820.66,4,0,10/31/14 5:27,18,613,22,319,33,102,12,1,4,6,9,1,0,0,0,0,0,0,0
213,1998,Postgraduate,Widowed,36683.63,0,1,6/22/17 2:38,70,224,0,30,0,0,10,8,5,1,5,8,0,0,0,0,0,0,1
214,1990,Basic,Married,51723.04,4,2,11/9/17 16:33,21,410,0,59,19,9,44,10,7,1,8,7,0,0,0,0,0,0,1
215,1961,Postgraduate,Widowed,30755.91,4,1,4/19/15 15:29,66,239,10,554,254,87,54,1,3,4,9,1,0,0,0,0,0,0,1
216,1967,Basic,Single,36171.94,4,1,6/2/20 6:42,79,171,7,171,25,19,89,6,8,1,5,8,0,0,0,0,0,0,0
217,1941,Postgraduate,Married,68968.68,1,2,7/29/14 11:22,2,12,0,4,0,0,1,1,1,0,2,8,0,0,0,0,0,0,0
218,1981,Basic,Widowed,43052.53,0,1,11/10/18 21:09,81,1076,16,417,42,48,16,1,8,10,6,3,0,1,1,0,0,0,1
219,1984,High School,Divorced,37949.54,4,2,9/22/21 12:31,24,182,4,33,0,0,66,2,4,1,5,7,0,0,0,0,0,0,0
220,2001,PhD,Divorced,18050.35,4,1,3/12/17 13:59,48,824,32,162,42,32,43,2,11,4,11,6,0,0,0,0,0,0,0
221,1996,Graduate,Married,37799.68,1,2,10/7/10 19:09,93,30,11,25,29,1,18,1,1,1,4,3,0,0,0,0,0,0,1
222,1992,Postgraduate,Married,46920.8,0,2,2/3/22 14:54,56,377,10,540,80,30,10,1,3,5,7,1,0,0,0,0,0,0,0
223,1945,PhD,Single,29638.96,2,0,7/1/23 10:08,3,520,7,154,19,0,14,2,6,3,11,3,0,0,0,0,0,0,0
224,1967,Graduate,Married,46058.25,1,2,7/18/21 4:10,44,155,1,25,0,1,3,4,4,1,4,8,0,0,0,0,0,0,0
225,1967,Graduate,Single,69059.47,0,2,11/20/10 12:58,38,897,23,207,15,11,92,5,9,6,12,6,0,0,0,0,0,0,1
226,1983,Basic,Single,39390.42,4,1,2/9/11 16:06,46,131,0,16,2,1,39,4,3,1,4,8,0,0,0,0,0,0,0
227,1983,High School,Divorced,35849.25,0,2,6/11/15 21:42,84,297,7,79,0,11,182,2,8,2,4,8,0,0,0,0,0,0,1
228,1959,High School,Divorced,33141.48,0,0,4/23/13 10:26,27,787,20,204,0,0,92,3,2,2,11,8,0,0,0,0,0,0,0
229,1969,PhD,Widowed,32873.54,0,1,7/1/11 4:50,72,792,86,740,67,51,17,1,3,5,8,2,0,0,0,0,0,0,1
230,2001,High School,Divorced,58033.66,2,1,3/14/12 22:30,66,4,1,9,3,0,0,1,1,0,2,8,0,0,0,0,0,0,1
231,1950,Postgraduate,Divorced,50730.03,0,0,11/20/11 10:45,30,231,7,137,4,15,39,9,5,1,8,7,0,0,0,0,0,0,1
232,1997,High School,Married,64352.85,2,1,2/10/20 5:26,2,983,76,184,180,138,27,1,6,3,4,7,0,0,1,0,0,0,1
233,1994,PhD,Divorced,80297.57,4,1,1/4/14 1:57,65,3,1,8,4,3,3,1,1,0,2,8,0,0,0,0,0,0,0
234,1967,High School,Widowed,22544.13,2,1,12/4/16 1:25,37,0,4,5,6,0,4,1,1,0,3,3,0,0,0,0,0,0,1
235,1964,Postgraduate,Married,55701.18,4,1,7/29/13 21:29,89,562,21,464,28,10,32,3,7,8,11,5,0,0,0,0,0,0,0
236,1978,Basic,Widowed,33220.71,4,0,9/19/15 10:01,49,5,9,20,6,8,21,2,2,0,4,6,0,0,0,0,0,0,0
237,2001,PhD,Divorced,61833.49,2,0,10/7/17 14:02,46,18,0,4,0,0,1,1,1,0,3,7,0,0,0,0,0,0,1
238,1972,Basic,Widowed,45921.32,1,1,10/16/15 15:51,32,415,5,124,15,35,11,1,5,2,11,3,0,0,0,0,0,0,0
239,1940,Basic,Married,50409.84,3,1,10/27/13 16:39,54,5,3,10,12,7,20,4,3,1,3,7,0,0,0,0,0,0,0
240,1996,Basic,Single,30752.34,0,0,9/24/19 13:39,23,8,0,5,7,0,2,1,1,0,2,4,0,0,0,0,0,0,0
241,1966,Graduate,Widowed,43603.59,3,0,7/25/18 16:55,98,901,61,757,186,163,20,1,6,5,10,3,0,1,0,0,0,0,0
242,2001,Graduate,Widowed,51344.93,0,0,4/29/18 8:53,97,382,114,276,75,124,38,2,6,4,4,3,0,0,0,0,0,0,1
243,1996,Basic,Married,70341.17,0,1,6/7/21 12:22,75,14,1,7,2,1,1,1,2,0,2,9,0,0,0,0,0,0,0
244,1991,PhD,Married,38081.59,4,1,6/9/17 10:26,8,559,153,503,218,13,181,1,3,9,9,2,0,0,0,1,0,0,0
245,1952,Postgraduate,Widowed,41739.63,0,2,7/6/17 7:37,37,789,0,133,0,28,152,7,11,5,8,7,0,0,0,0,0,0,0
246,1980,Postgraduate,Divorced,64164.34,0,0,1/9/13 15:25,31,11,0,5,0,0,1,2,1,0,3,6,0,0,0,0,0,0,0
247,1942,High School,Widowed,37109.9,2,1,1/8/23 1:10,40,1218,16,272,104,0,80,2,5,3,6,6,0,1,1,1,0,0,0
248,1978,PhD,Married,67135.78,3,0,5/15/20 1:37,74,925,64,179,133,12,77,2,9,4,6,5,0,0,0,0,0,0,1
249,1945,Graduate,Single,49863.7,2,1,8/16/14 16:58,90,864,134,768,150,38,172,1,4,10,5,3,0,0,0,0,0,0,0
250,1947,Basic,Single,54546.84,0,0,2/22/21 6:49,57,960,28,183,220,70,70,4,9,6,6,6,0,0,0,0,0,0,1
251,1966,High School,Divorced,55512.83,4,1,7/20/22 19:25,59,16,3,25,6,1,13,2,2,0,3,8,0,0,0,0,0,0,0
252,1948,Postgraduate,Widowed,40756.69,2,2,8/31/13 22:55,52,3,3,7,0,2,11,2,1,0,3,6,0,0,0,0,0,0,1
253,2001,Graduate,Single,55848.3,2,2,8/27/10 16:20,5,168,148,444,32,172,148,1,6,9,13,2,0,1,1,1,1,0,0
254,1976,Graduate,Widowed,38414.45,1,0,10/14/20 22:41,92,45,47,52,21,20,25,2,3,1,5,6,0,0,0,0,0,0,0
255,1972,Basic,Married,42468.45,0,1,12/11/10 13:24,77,650,28,353,45,42,30,5,4,6,11,8,0,0,0,0,0,0,1
256,1990,Postgraduate,Single,58380.36,4,1,12/1/15 14:51,35,24,0,8,0,0,1,2,1,0,3,6,0,0,0,0,0,0,1
257,1981,PhD,Divorced,54400.91,2,0,10/25/21 13:38,48,918,21,118,13,10,21,3,8,3,5,6,0,1,0,0,0,0,1
258,1983,Graduate,Married,48875.53,2,1,4/15/13 12:45,97,138,33,87,28,24,12,4,3,2,7,3,0,0,0,0,0,0,0
259,1963,Basic,Divorced,31119.03,4,0,1/17/18 14:58,95,12,4,2,10,6,10,4,2,0,4,5,0,0,0,0,0,0,1
260,1954,PhD,Married,34862.63,0,1,11/28/18 1:53,24,11,0,4,0,0,2,1,1,0,2,8,0,0,0,0,0,0,1
261,1998,Postgraduate,Single,54150.64,1,0,5/14/22 23:08,60,1,2,8,4,3,13,2,1,1,2,7,1,0,0,0,0,0,1
262,1993,Graduate,Divorced,60982.11,2,1,3/30/12 5:52,46,554,41,215,11,0,24,3,10,2,10,5,0,0,0,0,0,0,0
263,1971,PhD,Divorced,33355.32,1,0,3/5/11 18:12,85,167,2,62,24,13,7,4,4,1,6,5,0,0,0,0,0,0,0
264,1971,PhD,Married,37402.62,3,1,1/22/22 2:56,31,9,0,6,4,1,5,1,1,0,2,9,0,0,0,0,0,0,0
265,1963,PhD,Divorced,52012.78,0,2,8/17/19 9:51,9,177,2,71,3,2,20,6,5,2,4,8,0,0,0,0,0,0,1
266,1980,Graduate,Married,51691.82,3,1,8/7/23 12:21,30,38,4,22,4,2,20,4,3,1,3,7,0,0,0,0,0,0,0
267,1991,Graduate,Married,25640.64,3,0,11/26/10 14:37,47,483,84,398,205,84,241,1,3,7,8,1,1,0,0,0,0,0,0
268,1988,High School,Married,52423.45,3,2,11/22/20 12:40,70,77,2,35,0,1,69,4,3,2,2,7,1,0,0,0,0,0,0
269,2001,Postgraduate,Married,41024.48,0,1,4/16/12 2:16,13,182,74,298,162,149,116,1,3,3,6,1,0,0,0,0,0,0,0
270,1988,Basic,Single,74615.7,0,2,11/13/16 21:44,11,10,7,19,8,2,21,2,2,2,2,6,0,0,0,0,0,0,1
271,1997,PhD,Married,53737.98,4,1,11/15/19 1:08,31,778,44,499,95,73,146,2,3,4,5,7,0,0,0,0,0,0,0
272,1991,High School,Widowed,56322.1,1,2,8/29/11 16:55,15,16,7,23,0,8,6,3,3,0,4,5,0,0,0,0,0,1,1
273,1951,Basic,Divorced,56710.39,1,0,5/31/16 6:19,2,167,0,43,6,2,13,2,4,2,4,5,0,0,0,0,0,0,1
274,2001,High School,Widowed,31791.09,4,1,1/15/23 23:03,55,13,2,14,8,7,4,4,2,0,4,6,0,0,0,0,0,0,1
275,1978,Graduate,Single,79158.15,4,1,7/6/20 5:29,38,33,6,40,3,7,10,3,2,0,4,7,0,0,0,0,0,0,1
276,1941,PhD,Widowed,25656.33,3,0,9/20/13 3:10,86,625,7,99,10,22,7,2,6,3,12,4,0,0,0,0,0,0,1
277,1942,Basic,Divorced,61935.55,4,2,10/19/18 9:01,56,216,162,224,101,92,162,2,7,4,10,5,0,0,0,0,0,0,1
278,1988,Basic,Widowed,59279.96,2,0,12/12/21 11:10,29,68,129,396,188,22,15,1,3,3,5,1,0,0,0,0,0,0,0
279,1976,Basic,Single,42844.96,1,0,12/13/19 11:06,30,196,0,512,33,130,54,1,3,5,8,1,0,0,0,1,0,0,1
280,1988,Basic,Married,59996.75,4,2,11/13/15 8:38,64,635,15,100,20,7,131,1,9,3,9,6,0,0,0,0,0,0,0
281,1995,Basic,Widowed,45236.4,2,0,6/18/14 21:42,46,4,19,9,28,25,17,3,3,0,4,7,0,0,0,0,0,0,1
282,1956,High School,Single,39868.08,2,1,10/20/17 7:19,84,297,7,79,0,11,182,2,8,2,4,8,0,0,0,0,0,0,0
283,1998,PhD,Single,57043.39,2,1,9/28/15 5:15,20,84,5,38,150,12,28,2,4,1,6,7,0,0,0,0,0,0,1
284,1988,Graduate,Divorced,34901.59,2,1,12/11/14 7:01,74,204,7,149,20,15,66,1,5,1,8,2,0,0,0,0,0,0,0
285,1941,Graduate,Divorced,46636.17,3,0,9/15/21 0:57,18,26,0,8,0,0,3,2,2,0,3,5,0,0,0,0,0,0,0
286,1941,Graduate,Widowed,41087.35,2,1,1/2/10 11:34,75,15,6,20,4,5,20,1,3,1,2,7,0,0,0,0,0,0,1
287,1967,Graduate,Married,44960.31,3,1,4/15/17 15:21,17,304,98,230,150,74,74,1,6,3,13,3,0,0,0,0,0,0,1
288,1993,High School,Single,56490.93,3,1,3/25/22 19:50,88,285,28,242,55,114,135,13,6,2,12,5,0,0,0,0,0,0,1
289,1962,Postgraduate,Widowed,41084.5,2,1,9/30/16 17:54,19,395,183,565,166,141,28,1,5,11,5,3,0,0,0,0,0,0,1
290,1976,PhD,Single,47115.14,1,1,3/10/13 10:00,62,248,3,81,4,3,51,3,7,1,5,8,0,0,0,0,0,0,0
291,1971,Basic,Single,42452.82,2,1,3/22/10 6:59,11,20,6,5,0,9,12,1,1,0,3,7,1,0,0,0,0,0,0
292,1972,Postgraduate,Married,71659.95,2,0,2/28/21 11:20,74,39,0,56,20,8,14,3,3,1,3,7,0,0,0,0,0,0,1
293,1940,Graduate,Married,55139.19,2,1,7/28/11 0:50,32,777,129,573,216,21,203,1,2,7,9,4,0,0,1,0,0,0,1
294,1958,Postgraduate,Widowed,53301.04,1,1,4/27/19 3:34,76,8,3,22,21,1,13,3,3,0,3,9,0,0,0,0,0,0,0
295,2001,PhD,Married,60251.28,0,2,3/16/13 9:43,6,9,1,3,0,4,8,1,0,0,3,6,0,0,0,0,0,0,1
296,1941,Basic,Married,41087.98,0,0,3/27/17 5:38,62,1241,0,80,0,13,40,3,3,6,11,8,0,1,0,0,1,0,0
297,1992,Basic,Widowed,62888.86,3,0,1/23/10 19:23,20,6,4,7,4,3,8,1,1,0,3,7,0,0,0,0,0,0,1
298,1983,PhD,Married,55192.67,3,0,2/23/22 2:48,43,65,4,16,0,4,11,1,3,0,3,8,0,0,0,0,0,0,1
299,1965,PhD,Divorced,26586.64,1,0,5/5/21 9:13,45,395,15,263,60,54,38,1,2,3,6,1,0,0,0,0,0,0,0
300,1971,Graduate,Single,28579.54,4,1,10/7/20 11:04,34,801,0,80,0,0,35,5,8,3,12,5,0,1,0,0,0,0,0
301,1945,Basic,Single,41415.54,0,1,7/25/12 2:34,53,36,0,12,2,2,10,4,3,1,3,5,0,0,0,0,0,0,1
302,1971,Postgraduate,Single,30184.9,3,2,2/16/16 20:22,44,513,14,154,19,0,28,1,9,2,9,6,0,0,0,0,0,0,0
303,1994,High School,Single,46425.82,0,2,5/31/16 7:09,89,37,0,46,4,3,0,1,2,1,3,4,0,0,0,0,0,0,1
304,1943,High School,Widowed,34793.93,1,0,2/28/23 21:23,43,80,15,93,20,13,52,3,5,1,4,8,0,0,0,0,0,0,0
305,1994,PhD,Single,48534.15,1,2,3/4/23 15:56,68,14,1,21,2,3,25,3,3,1,3,7,0,0,0,0,0,0,1
306,1950,Graduate,Single,71175.64,4,2,11/29/22 9:57,44,525,147,112,219,147,63,1,6,7,9,2,0,0,0,1,0,0,1
307,1995,High School,Single,49259.35,4,0,4/23/18 3:32,64,1,26,25,17,23,15,1,3,0,3,9,0,0,0,0,0,0,1
308,1998,Basic,Single,45455.53,1,0,5/15/22 22:24,85,675,11,400,15,45,11,1,2,5,10,1,0,0,1,0,0,0,0
309,1956,PhD,Divorced,55823.64,3,2,6/3/17 11:10,93,509,0,27,0,0,10,1,8,3,6,7,0,1,0,0,0,0,0
310,1977,Postgraduate,Single,39553.7,0,1,10/25/17 3:56,12,154,2,46,20,4,15,1,4,2,4,4,0,0,0,0,0,0,0
311,1963,PhD,Divorced,62651.21,2,2,5/8/21 21:04,86,3,5,14,2,12,17,4,3,1,3,6,0,0,0,0,0,0,0
312,1944,Postgraduate,Widowed,57428.19,4,2,9/22/17 7:55,28,25,0,8,2,0,2,2,2,0,3,7,0,0,0,0,0,0,1
313,1991,PhD,Married,50582.98,2,1,9/17/10 7:54,69,861,138,461,60,30,61,1,6,5,12,3,0,1,0,1,0,0,0
314,1973,PhD,Single,52314.74,3,1,10/21/23 7:41,42,768,44,561,77,44,14,1,6,6,10,3,0,0,0,0,0,0,0
315,1945,PhD,Married,80626.19,4,0,10/24/17 15:05,13,185,0,28,3,2,17,6,3,1,6,4,0,0,0,0,0,0,0
316,1961,Postgraduate,Married,64134.68,2,0,11/24/16 14:05,86,24,0,7,0,0,1,2,2,0,3,5,0,0,0,0,0,0,1
317,1950,Postgraduate,Widowed,82992.9,3,2,1/14/17 19:47,59,44,4,21,6,0,27,2,3,0,3,7,0,0,0,0,0,0,0
318,1987,PhD,Married,57980.45,0,1,3/2/19 0:09,30,91,64,128,65,3,50,2,4,3,6,3,0,0,0,0,0,0,0
319,1955,High School,Divorced,27924.63,3,0,12/16/22 13:11,33,11,0,7,3,1,6,2,1,0,3,5,0,0,0,0,0,0,1
320,1972,Graduate,Married,46067.39,4,2,6/3/18 12:40,67,738,20,172,52,50,20,6,2,3,10,7,0,1,0,1,0,0,1
321,1948,Graduate,Married,24496.93,1,1,11/30/21 21:20,23,412,5,119,38,29,77,3,3,3,12,2,0,0,0,0,0,0,1
322,1999,Graduate,Married,57924.55,0,2,10/15/17 20:27,81,3,3,7,6,2,9,1,1,0,2,7,0,0,0,0,0,0,1
323,1998,Postgraduate,Single,61181.06,2,0,6/23/12 10:46,6,16,0,3,0,0,1,1,1,0,2,7,0,0,0,0,0,0,1
324,1945,Postgraduate,Single,36711.26,4,0,7/10/22 2:29,41,731,60,353,78,12,73,5,10,3,5,7,0,0,0,0,0,0,1
325,1955,High School,Divorced,40165.45,1,1,5/24/21 23:03,78,424,17,118,7,23,41,6,8,2,8,8,0,0,0,0,0,0,1
326,1968,Graduate,Divorced,52231.26,3,2,6/23/14 12:48,49,792,0,275,45,45,126,1,4,8,5,3,0,0,0,0,0,0,0
327,1942,Graduate,Single,32028.44,1,1,9/21/22 18:40,39,21,2,28,3,2,9,3,2,0,4,8,0,0,0,0,0,0,1
328,1959,PhD,Divorced,30902.6,4,0,3/20/17 7:07,3,22,1,11,0,1,2,1,1,0,3,7,0,0,0,0,0,0,1
329,1999,Postgraduate,Single,68579.48,4,0,11/14/18 23:08,37,33,0,5,0,0,0,1,1,0,3,4,0,0,0,0,0,0,1
330,1998,Graduate,Widowed,51720.66,1,2,5/6/22 17:44,22,68,7,59,10,5,11,4,3,1,4,8,0,0,0,0,0,0,1
331,1975,High School,Married,41628.36,3,2,7/18/14 12:48,79,9,1,6,3,0,4,1,1,0,2,8,0,0,0,0,0,0,1
332,1958,High School,Married,24618.22,1,2,2/2/19 8:57,46,40,2,15,8,0,6,1,1,1,3,4,0,0,0,0,0,0,0
333,1965,Graduate,Divorced,62785.27,4,1,1/20/13 6:55,82,909,11,218,0,0,23,2,9,3,5,5,0,0,0,0,0,0,0
334,1942,Postgraduate,Single,39732.23,4,2,7/26/20 13:09,10,23,1,13,2,2,18,1,1,1,2,7,1,0,0,0,0,0,0
335,1958,High School,Single,77910.27,2,2,11/4/19 9:44,51,11,2,9,3,0,8,2,2,0,3,8,0,0,0,0,0,0,0
336,1959,PhD,Divorced,62889.65,2,0,1/24/23 3:32,38,317,46,247,151,46,139,1,4,5,12,3,0,0,0,0,0,0,0
337,1971,High School,Single,37877.87,0,0,9/8/21 16:40,10,797,153,293,72,97,30,1,11,4,6,4,0,1,1,1,0,0,0
338,1946,Basic,Widowed,39267.92,4,2,10/25/18 21:56,14,10,2,16,11,2,21,1,1,0,3,8,0,0,0,0,0,0,0
339,1991,Basic,Married,75827.77,2,2,1/30/15 20:55,18,856,61,570,40,25,122,1,7,6,8,3,0,0,1,0,0,0,1
340,1980,Postgraduate,Divorced,48736.11,1,0,2/20/13 15:17,36,755,144,562,104,64,224,1,4,6,4,1,0,0,1,0,0,0,1
341,1972,Graduate,Divorced,42300.33,3,2,7/27/10 17:06,95,456,19,832,75,118,38,1,4,5,11,3,0,0,0,0,0,0,1
342,1979,Postgraduate,Single,50415.83,1,1,5/6/15 18:15,11,37,32,38,11,3,18,1,2,1,4,6,0,0,0,0,0,0,1
343,1978,Postgraduate,Divorced,42231.31,3,1,6/18/14 0:03,65,1103,0,45,0,0,34,3,4,2,11,8,0,1,0,0,1,0,1
344,1957,Postgraduate,Widowed,53615.73,2,1,3/21/16 23:09,71,378,14,68,19,14,14,2,3,5,8,3,0,0,0,0,0,0,1
345,1979,Postgraduate,Single,48862.65,0,2,11/27/17 10:14,13,1,6,7,0,1,3,1,1,0,2,8,1,0,0,0,0,0,0
346,1940,PhD,Single,63132.62,1,0,9/20/20 15:09,58,204,34,204,172,153,173,1,2,9,4,1,0,0,0,0,0,0,1
347,1950,PhD,Single,44171.39,1,2,8/25/21 8:07,65,30,0,9,0,0,3,2,1,0,3,6,0,0,0,0,0,0,1
348,1967,High School,Single,36727.75,1,2,8/27/23 10:39,0,189,104,379,111,189,218,1,4,4,6,1,0,0,0,0,0,0,1
349,1996,Basic,Widowed,44765.23,3,0,10/19/21 19:44,33,15,0,12,7,3,7,3,2,0,3,7,0,0,0,0,0,0,0
350,1964,Postgraduate,Single,44673.74,2,0,5/24/11 15:24,90,9,0,3,0,0,4,1,1,0,2,6,1,0,0,0,0,0,0
351,1989,High School,Divorced,48836.99,1,0,4/15/19 14:49,95,495,33,255,11,33,8,4,6,7,9,4,0,0,0,0,0,0,0
352,1962,Basic,Widowed,59518.1,1,1,10/16/20 17:04,93,656,80,455,52,107,93,2,8,4,8,4,1,0,1,0,0,0,1
353,1970,Graduate,Married,58698.63,0,2,12/17/10 1:29,38,452,20,514,13,30,0,3,4,6,5,3,0,0,0,0,0,0,1
354,1969,PhD,Married,67994.88,0,0,8/24/16 14:39,18,546,91,410,119,0,22,1,3,4,10,1,0,0,0,0,0,0,1
355,1981,Basic,Divorced,37827.65,2,2,6/1/15 12:41,57,1048,0,217,0,0,12,5,11,3,5,6,0,0,0,0,0,0,0
356,1974,Graduate,Divorced,55830.8,2,1,5/19/10 6:38,45,22,2,14,0,1,10,2,2,0,3,7,0,0,0,0,0,1,0
357,1946,Basic,Widowed,60909.8,4,1,5/16/14 18:59,61,78,0,11,0,0,10,1,2,0,4,6,0,1,0,0,0,0,1
358,1999,PhD,Married,39886.69,0,0,3/3/16 5:28,6,561,64,785,84,128,48,1,3,3,8,1,0,0,0,0,0,0,0
359,1955,PhD,Married,46885.53,4,0,11/28/13 10:38,65,629,17,177,69,0,8,1,5,3,5,2,0,0,0,0,0,1,1
360,1965,High School,Married,23750.33,3,2,2/28/17 15:40,52,269,15,69,15,19,38,2,4,6,4,5,0,0,0,0,0,0,0
361,1987,Postgraduate,Married,63602.87,4,0,12/14/23 16:01,87,736,163,818,212,163,61,1,4,7,10,2,0,1,0,0,0,0,0
362,1996,Basic,Married,46767.53,1,2,12/3/16 23:45,38,512,0,83,0,0,41,3,6,2,10,4,0,0,0,0,0,0,0
363,1991,Basic,Single,62098.46,4,0,3/22/14 9:01,53,19,3,10,11,8,6,3,2,1,4,4,0,0,0,0,0,0,1
364,1999,Graduate,Divorced,53090.74,2,2,10/4/20 11:34,31,9,0,6,4,1,5,1,1,0,2,9,0,0,0,0,0,0,0
365,1988,PhD,Single,47222.52,3,2,7/3/17 4:01,67,247,8,160,6,8,65,7,6,3,6,7,0,0,0,0,0,0,1
366,1941,Basic,Married,26107.96,1,2,11/16/13 11:06,65,404,0,92,28,27,142,2,6,2,9,4,0,0,0,0,0,0,1
367,1940,PhD,Widowed,28775.71,4,2,6/23/13 13:10,64,333,0,815,129,42,29,1,4,10,11,2,0,0,0,0,0,0,1
368,1987,Basic,Widowed,11102.81,3,1,12/25/23 1:48,82,2,3,20,6,11,9,2,2,0,3,7,0,0,0,0,0,0,0
369,2001,High School,Married,41560.8,3,2,12/14/20 23:37,27,833,33,549,151,133,233,1,4,3,8,3,0,0,0,0,0,0,0
370,1951,Postgraduate,Married,84173.73,1,0,1/17/12 15:41,63,789,0,142,12,9,38,2,2,4,8,8,0,0,0,0,0,0,0
371,1944,Basic,Widowed,30680.79,4,1,12/12/14 18:04,66,10,4,7,0,6,3,1,1,0,3,6,0,0,0,0,0,0,1
372,1976,PhD,Single,10528.52,3,1,8/30/15 13:29,69,159,4,45,6,2,38,6,5,1,4,8,0,0,0,0,0,0,0
373,1971,High School,Single,64440.03,3,2,10/5/20 22:13,52,7,1,6,3,1,11,1,1,1,2,4,1,0,0,0,0,0,0
374,1998,Basic,Married,85455.77,0,1,5/10/10 11:04,45,977,12,253,16,12,101,4,4,3,12,8,0,1,0,0,0,0,1
375,1994,Graduate,Single,54468.82,3,2,1/29/17 8:33,2,38,4,22,3,3,3,3,3,0,3,8,0,0,0,0,0,0,1
376,1948,Postgraduate,Widowed,54330.99,0,0,8/26/19 2:14,86,57,0,27,0,0,36,4,3,2,2,8,0,0,0,0,0,0,1
377,1980,Basic,Single,45351.77,4,2,8/26/23 6:29,23,3,9,15,13,2,39,1,1,1,2,9,1,0,0,0,0,0,0
378,1974,High School,Married,23086.14,4,1,1/22/10 11:36,13,10,4,14,4,4,1,1,1,0,3,8,0,0,0,0,0,0,0
379,1958,Graduate,Widowed,28239.32,4,0,9/26/21 3:54,14,1043,24,97,32,24,157,2,3,5,10,6,0,0,0,0,0,0,1
380,1987,High School,Single,45248.7,2,2,11/17/13 18:44,92,3,9,13,2,12,12,1,1,0,3,7,0,0,0,0,0,0,0
381,1955,High School,Divorced,42373.17,4,0,1/9/11 16:22,38,11,0,5,0,0,1,1,1,0,2,8,0,0,0,0,0,0,1
382,1942,Graduate,Widowed,48272.41,3,0,2/2/10 17:11,74,3,6,5,0,2,6,1,0,0,3,7,0,0,0,0,0,0,0
383,1959,High School,Widowed,62439.87,1,1,4/17/21 10:16,14,43,12,96,78,40,55,3,4,1,6,7,0,0,0,0,0,0,1
384,1963,Graduate,Divorced,41272.43,0,0,2/14/11 8:41,94,73,3,90,12,1,32,7,4,1,4,8,0,0,0,0,0,0,0
385,1993,Basic,Divorced,62745.75,2,1,12/23/21 2:03,33,12,0,1,0,0,6,1,0,1,2,3,0,0,0,0,0,0,1
386,1995,Graduate,Widowed,41370.65,4,0,2/16/13 23:04,32,4,7,7,6,4,13,3,1,2,2,5,0,0,0,0,0,0,1
387,1972,Graduate,Divorced,65573.59,4,2,1/18/19 6:52,11,314,11,53,4,3,107,3,7,3,4,7,0,1,0,0,0,0,1
388,1963,Postgraduate,Married,51295.51,1,0,10/2/11 5:44,78,571,50,142,33,50,159,4,4,5,13,2,0,0,0,0,0,0,0
389,1991,Graduate,Married,43462.54,1,2,4/8/17 4:29,56,70,0,11,2,8,23,1,2,1,3,6,0,0,0,0,0,0,0
390,1950,Graduate,Married,51039.41,2,2,3/31/16 10:10,57,866,21,151,28,21,86,3,2,2,12,5,0,0,0,0,0,0,0
391,1988,Basic,Widowed,45596.92,0,0,12/7/20 6:35,7,594,134,786,33,134,57,0,5,6,8,1,0,0,1,0,0,0,1
392,1947,Postgraduate,Divorced,51697.01,4,2,8/11/14 2:01,0,140,4,61,0,13,4,2,3,1,6,4,0,0,0,0,0,0,1
393,1975,PhD,Divorced,61371.59,2,0,3/11/10 12:32,66,375,152,335,93,91,81,1,5,4,6,2,0,0,0,0,0,0,1
394,1977,Basic,Single,48691.77,3,0,7/6/19 6:11,86,102,9,63,2,9,24,1,4,1,4,6,0,0,0,0,0,0,1
395,1979,Basic,Single,44456.47,3,2,9/2/13 9:36,80,554,35,113,0,7,78,3,5,3,12,3,0,0,0,0,0,0,1
396,1959,PhD,Divorced,33147.26,2,2,7/10/10 2:03,56,919,0,505,99,30,45,1,4,9,10,2,0,0,0,0,0,0,1
397,2001,Graduate,Divorced,58687.67,4,1,12/25/13 13:05,18,96,1,42,12,3,32,4,3,1,4,8,0,0,0,0,0,0,1
398,1974,High School,Divorced,55224.08,2,2,9/3/20 21:35,51,5,2,16,3,2,19,2,1,1,2,8,0,0,0,0,0,0,1
399,1987,Postgraduate,Widowed,32270.86,4,1,6/4/23 15:06,71,2,0,6,8,6,5,1,1,0,3,7,0,0,0,0,0,0,1
400,2001,High School,Divorced,62532.41,1,2,12/20/19 0:22,71,6,4,9,6,36,35,4,2,2,3,7,0,0,0,0,0,0,0
401,1964,PhD,Single,32027.24,2,0,6/7/11 10:05,80,23,1,25,0,8,7,4,2,1,3,6,0,0,0,0,0,0,1
402,1974,Basic,Widowed,65438.33,4,2,10/8/13 19:40,2,610,105,125,137,42,21,1,9,4,9,5,0,0,0,0,0,0,0
403,1964,Basic,Divorced,60317.95,2,0,9/20/23 20:23,83,67,5,61,3,8,19,5,2,1,5,5,0,0,0,0,0,0,1
404,1968,Postgraduate,Single,56294.98,2,0,9/26/15 0:52,29,65,36,74,38,20,110,1,5,1,4,7,0,0,0,0,0,0,0
405,1957,Basic,Widowed,44345.07,4,0,5/15/17 18:47,11,416,0,26,0,0,4,9,6,3,6,7,0,1,0,0,0,0,1
406,1985,Basic,Divorced,58636.7,4,1,4/2/11 20:50,55,23,0,11,3,2,2,1,1,0,3,6,0,0,0,0,0,0,0
407,1957,Postgraduate,Divorced,66145.58,0,2,9/21/19 1:20,19,19,3,26,10,9,3,3,2,0,4,8,0,0,0,0,0,0,1
408,1941,Postgraduate,Divorced,58885.28,2,0,12/17/11 7:40,1,155,7,80,13,7,10,3,5,1,5,6,0,0,0,0,0,0,1
409,1993,PhD,Widowed,39946.25,3,0,1/23/20 6:46,19,14,0,24,3,3,2,1,3,0,2,9,0,0,0,0,0,0,1
410,1974,Basic,Single,54011.1,2,1,8/4/12 3:24,28,370,9,92,6,9,4,3,7,1,8,7,0,0,0,0,0,0,0
411,1955,Basic,Single,66980.52,2,2,2/21/15 13:27,76,4,22,11,3,7,32,2,3,0,3,8,0,0,0,0,0,0,1
412,2000,PhD,Married,82986.47,4,2,3/1/18 8:28,50,407,53,221,58,150,26,4,4,3,6,4,0,0,0,0,0,0,0
413,1980,Graduate,Divorced,46921.81,2,1,11/22/18 2:01,1,1200,0,204,38,29,14,3,11,9,12,6,0,0,0,1,0,0,0
414,1975,Graduate,Married,62868.25,2,1,11/24/17 6:26,90,85,44,54,102,78,6,3,5,1,7,7,0,0,0,0,0,0,0
415,1972,Graduate,Married,67017.21,3,2,2/8/11 16:05,83,583,34,309,0,22,125,2,5,4,8,3,0,0,0,0,0,0,0
416,1943,PhD,Single,37813.93,4,1,7/14/17 5:59,73,483,0,591,156,0,12,1,3,5,10,1,0,0,0,0,0,0,0
417,1972,Basic,Widowed,76731.17,2,2,6/5/21 22:03,24,2,5,9,28,6,28,3,2,1,3,5,1,0,0,0,0,0,1
418,1953,PhD,Widowed,34022.23,1,2,2/27/19 0:25,11,966,26,282,52,26,26,1,2,7,11,5,0,1,1,1,1,0,0
419,1960,PhD,Single,62134.78,0,0,5/26/19 0:12,33,822,114,108,179,137,114,1,7,9,9,3,0,0,1,1,0,0,0
420,1987,Graduate,Widowed,54579.8,3,0,11/18/14 14:29,4,604,0,100,19,0,28,9,10,2,8,8,0,0,0,0,0,0,0
421,1959,High School,Married,50833.63,2,2,10/22/10 14:04,14,19,3,19,3,1,3,2,2,0,3,7,0,0,0,0,0,0,0
422,1995,Basic,Divorced,88202.5,1,2,11/9/12 18:56,30,5,3,11,12,5,9,1,2,0,3,6,0,0,0,0,0,0,1
423,1947,Graduate,Single,45481.17,2,2,12/2/10 0:10,75,2,2,2,2,1,1,1,1,0,2,8,0,0,0,0,0,0,1
424,1946,High School,Divorced,45239.82,2,2,12/12/18 17:14,26,1076,68,103,29,91,68,1,3,4,8,1,0,1,1,0,0,0,1
425,1942,High School,Widowed,69972.18,4,2,1/14/15 18:46,77,1285,42,716,55,0,21,0,7,10,5,2,0,0,1,0,0,0,0
426,1956,Postgraduate,Divorced,61427.06,4,2,1/14/11 1:43,8,10,0,7,2,0,1,1,1,0,2,8,0,0,0,0,0,0,0
427,1972,Basic,Widowed,69231.48,4,1,12/3/10 16:53,42,551,137,792,179,103,33,1,6,7,13,1,0,1,1,1,0,0,0
428,1987,High School,Widowed,51753.04,1,2,11/22/19 0:31,28,800,0,297,0,34,57,2,2,5,10,6,0,1,0,1,0,0,1
429,1951,Graduate,Married,54754.14,2,1,5/3/14 20:29,52,2,2,11,10,6,12,2,1,0,4,5,0,0,0,0,0,0,0
430,1998,Postgraduate,Widowed,78514.03,0,1,3/2/16 16:58,1,378,0,189,97,172,172,2,5,5,12,3,0,0,0,0,0,0,1
431,1990,Basic,Married,37460.69,3,2,2/27/21 19:44,1,1248,16,349,43,16,16,1,2,4,9,4,0,1,1,1,1,0,0
432,1961,PhD,Married,48456.84,4,2,3/18/14 15:13,42,235,0,235,19,4,191,5,8,1,7,8,0,0,0,0,0,0,0
433,1994,Graduate,Married,61973.81,4,1,3/27/11 5:59,76,515,47,181,149,95,95,15,9,6,9,7,0,0,0,0,0,0,1
434,1961,High School,Single,47062.09,2,1,4/26/12 13:55,27,438,66,400,12,38,114,1,8,3,13,4,0,0,0,0,0,0,0
435,1985,High School,Single,41447.81,2,2,2/25/22 9:04,28,25,0,22,2,3,5,2,1,0,4,5,0,0,0,0,0,0,1
436,1969,Graduate,Widowed,59277.27,1,2,7/16/12 9:29,49,31,0,7,2,0,6,1,1,0,3,5,0,0,0,0,0,0,0
437,1977,High School,Married,70037.08,1,1,7/24/13 8:16,12,357,35,271,28,28,14,3,6,2,12,5,0,0,0,0,0,0,1
438,1977,Postgraduate,Single,47887.48,4,1,8/9/12 6:04,14,400,4,35,6,0,22,2,9,1,5,8,0,0,0,0,0,0,0
439,1984,Basic,Married,47471.16,2,1,4/14/10 10:12,89,99,0,15,2,1,5,3,2,1,4,7,0,0,0,0,0,0,0
440,1990,Postgraduate,Divorced,40284.68,0,0,8/7/22 2:35,96,1,11,5,4,6,9,2,2,0,3,8,0,0,0,0,0,0,0
441,1993,High School,Divorced,45560.35,3,1,3/4/12 4:38,56,5,4,13,8,0,4,1,1,0,3,8,0,0,0,0,0,0,0
442,1947,PhD,Divorced,66254.09,2,0,9/18/10 15:46,72,77,28,31,16,0,4,2,2,1,5,4,0,0,0,0,0,0,0
443,1966,Basic,Widowed,51215.94,2,2,6/5/14 17:27,14,3,1,2,4,3,1,1,0,0,3,5,0,0,0,0,0,0,1
444,1966,Basic,Married,37925.14,1,2,11/23/17 6:04,13,10,4,14,4,4,1,1,1,0,3,8,0,0,0,0,0,0,1
445,1973,Graduate,Divorced,53935.44,3,1,10/18/19 15:43,99,0,6,3,7,6,12,1,1,0,3,8,0,0,0,0,0,0,0
446,1960,Graduate,Single,65767.91,4,2,4/13/10 1:38,72,0,0,1,2,12,5,1,1,0,2,8,0,0,0,0,0,0,1
447,1969,PhD,Divorced,41571.72,2,2,8/4/22 5:50,66,63,0,0,75,53,44,0,12,0,2,2,1,1,1,1,0,4,1
448,1972,Basic,Divorced,30070.92,4,2,11/7/14 0:11,2,63,17,298,33,40,0,0,10,3,17,6,1,0,1,0,0,4,1
449,1967,PhD,Divorced,82862.38,2,2,12/3/13 8:45,15,344,0,321,25,40,88,1,0,1,9,8,0,1,1,1,0,0,1
450,1986,Graduate,Widowed,29322.06,4,0,6/20/17 21:36,23,501,23,252,75,0,44,9,5,2,4,2,0,1,1,1,1,0,0
451,1972,Graduate,Single,44614.66,3,0,6/25/11 5:58,29,94,23,115,8,53,44,7,13,2,5,2,0,0,1,1,1,2,1
452,1944,Basic,Married,53481.93,1,1,2/11/13 20:11,81,501,35,252,59,0,44,1,14,8,7,1,1,0,1,0,0,4,1
453,1999,Postgraduate,Single,45913.58,3,1,1/22/12 9:47,96,407,41,252,75,0,44,1,9,9,6,9,1,1,0,0,0,4,0
454,2000,High School,Married,48876.34,0,1,10/26/20 0:52,7,563,17,275,50,27,0,9,1,3,17,0,1,0,1,0,1,1,0
455,1987,Graduate,Widowed,58652.57,1,2,7/14/18 5:32,94,250,35,184,8,0,44,9,8,1,13,8,1,1,0,0,0,1,0
456,1958,Graduate,Widowed,14124.18,3,2,12/21/19 0:36,28,344,17,252,42,13,44,7,0,2,14,5,1,0,0,1,0,4,0
457,1943,Postgraduate,Widowed,30996.58,0,0,2/27/13 22:04,14,125,12,46,59,40,0,5,10,2,9,5,0,0,1,0,0,1,0
458,1974,Postgraduate,Widowed,50663.89,2,0,2/17/15 23:16,44,313,29,298,50,0,44,3,8,6,11,7,1,1,1,1,0,4,0
459,1988,PhD,Married,43936.74,2,1,3/3/14 21:42,30,595,17,138,0,13,0,2,6,7,6,4,1,0,0,1,0,3,0
460,1956,PhD,Divorced,51941.17,4,0,1/7/22 12:10,81,63,12,275,33,53,0,0,10,5,6,8,1,1,0,1,0,2,0
461,1983,High School,Married,53414.8,1,0,8/5/13 9:45,32,438,47,115,8,40,44,2,12,3,10,4,0,1,1,0,1,1,1
462,1967,High School,Single,18261.2,2,0,2/19/13 12:04,70,407,23,161,42,53,88,8,9,5,12,1,1,0,0,1,0,4,0
463,1969,Basic,Widowed,69104.6,1,0,8/3/15 8:15,88,313,35,46,50,13,44,4,1,0,14,5,1,1,1,0,0,1,1
464,1968,PhD,Widowed,42525.98,2,0,10/21/14 1:12,6,595,29,46,50,53,88,5,13,9,17,8,1,0,1,1,1,2,0
465,1985,Graduate,Single,37017.3,4,1,7/18/14 18:49,27,219,52,69,17,53,0,4,5,7,6,2,1,0,0,0,1,3,0
466,1992,PhD,Married,53125.33,3,1,4/28/21 1:07,82,94,23,46,50,53,88,0,7,0,5,9,0,0,1,0,1,0,1
467,1945,Graduate,Divorced,51607.4,4,0,5/1/10 3:50,88,344,35,184,33,0,44,9,14,4,10,3,0,1,0,1,1,0,0
468,1974,Postgraduate,Divorced,67950.36,0,1,3/15/13 21:57,24,219,29,229,59,0,44,0,1,1,7,9,0,0,1,1,0,1,0
469,1999,PhD,Single,54078.1,2,2,2/3/23 6:25,34,156,52,69,59,0,88,3,14,5,19,7,1,0,1,1,1,4,1
470,1980,Postgraduate,Divorced,67371.66,0,0,1/18/12 17:28,40,438,6,115,50,40,44,2,4,8,0,5,0,1,0,0,0,2,1
471,1976,High School,Married,35927.34,0,2,6/11/11 21:43,47,344,12,161,42,13,88,7,12,4,7,6,0,1,0,0,1,3,1
472,1963,High School,Married,52127.92,1,1,3/7/20 3:15,79,469,6,229,8,0,0,6,11,3,7,6,1,1,1,0,1,3,1
473,1968,Basic,Single,33278.78,2,1,9/14/10 10:24,75,469,12,275,42,53,88,6,10,1,18,3,1,1,1,1,1,3,1
474,1988,PhD,Married,51465.14,0,2,11/5/19 0:40,86,595,0,161,67,53,88,7,5,2,2,5,0,0,0,0,0,0,1
475,1985,Postgraduate,Widowed,48285.68,3,1,9/28/23 20:56,24,595,41,321,8,53,88,9,2,5,4,8,0,0,1,1,1,2,0
476,1992,Graduate,Single,47640.54,0,0,5/7/19 12:00,65,94,29,92,0,53,88,6,13,7,2,2,0,0,0,0,1,0,0
477,1970,High School,Married,47772.09,3,2,12/21/19 1:30,18,313,6,92,33,27,0,9,11,7,14,7,0,0,0,0,1,1,0
478,1974,High School,Single,61045.84,1,0,3/5/17 0:52,44,376,41,115,42,40,0,1,1,4,13,6,1,1,0,0,0,3,0
479,1999,Graduate,Divorced,25889.61,0,2,3/16/19 2:04,76,250,29,206,17,13,0,3,14,4,14,3,1,1,1,1,0,2,0
480,1972,Postgraduate,Married,36503.18,4,1,11/5/21 13:23,57,94,35,138,59,13,88,5,10,9,16,9,0,0,0,1,1,3,1
481,1991,Postgraduate,Widowed,49391.42,1,2,4/6/12 21:04,28,344,0,275,50,0,0,2,5,2,17,2,0,1,1,1,0,0,1
482,2000,PhD,Married,32320.05,3,2,12/28/18 20:23,71,250,35,275,8,27,44,2,2,6,1,6,0,1,0,0,1,0,0
483,1960,PhD,Single,50691.71,1,0,12/13/13 1:19,23,376,12,206,50,13,0,5,1,5,11,9,1,1,1,0,0,0,1
484,1971,Basic,Single,49237.21,0,1,12/6/22 13:13,85,469,41,298,0,40,88,0,14,0,15,8,1,1,1,0,1,3,0
485,1962,High School,Married,28943.65,2,0,8/14/16 13:50,34,156,29,138,67,53,44,0,0,3,3,9,1,1,0,0,0,2,1
486,1972,PhD,Widowed,28202.52,2,1,12/20/21 23:25,11,282,17,275,50,0,88,4,13,5,1,2,0,0,0,1,1,2,0
487,1942,Postgraduate,Widowed,10643.18,3,0,11/17/14 13:52,86,376,41,69,42,40,44,0,7,5,13,9,1,0,0,0,0,1,0
488,1957,Graduate,Widowed,31689.95,3,2,11/29/23 4:08,35,188,47,115,8,13,88,9,0,2,10,8,0,1,1,0,0,3,0
489,1964,Postgraduate,Single,50214.85,2,0,2/8/16 17:15,93,563,52,138,17,27,88,7,11,5,12,7,0,1,1,1,1,1,1
490,1981,High School,Married,52342.82,3,1,7/22/20 18:57,42,563,6,92,0,0,44,1,14,9,6,2,1,0,1,1,1,1,1
491,1970,Postgraduate,Divorced,53028.49,1,1,10/20/16 11:15,28,501,29,92,75,13,0,5,4,5,9,7,0,0,0,1,0,1,0
492,1993,Basic,Single,38331.22,4,2,9/3/14 17:30,82,376,23,23,33,0,44,9,10,8,0,3,1,1,0,0,1,1,1
493,1997,High School,Widowed,49725.45,4,1,5/19/14 17:31,78,376,23,138,67,13,44,9,5,8,3,5,1,1,0,1,1,0,0
494,1942,Graduate,Married,55958.67,1,0,8/13/19 2:52,82,31,52,252,42,53,44,4,10,1,17,9,0,1,0,0,1,1,0
495,1979,Basic,Widowed,30979.47,4,2,10/3/22 22:01,92,282,12,115,33,27,44,9,11,3,5,1,0,0,0,1,1,2,1
496,1985,High School,Divorced,51849.94,0,1,8/8/18 22:32,24,376,41,229,17,53,44,3,11,8,1,7,1,1,1,0,0,1,0
497,1963,Graduate,Widowed,59847.22,1,1,5/25/20 18:45,8,250,41,0,33,13,88,0,2,3,2,8,1,1,0,0,1,0,0
498,1989,Basic,Widowed,42638.42,3,0,9/28/19 1:51,53,0,23,69,59,40,88,2,13,7,13,6,1,1,1,0,0,4,0
499,1971,Basic,Divorced,65933.51,1,0,6/4/18 15:24,72,407,41,46,8,53,0,3,6,9,7,7,1,1,0,0,0,4,1
500,1986,High School,Married,42988.48,2,2,10/4/18 22:10,4,469,52,252,33,40,0,1,1,2,15,6,1,1,0,0,1,4,0
501,1961,PhD,Single,37099.09,3,1,8/16/10 3:12,91,595,41,321,42,13,44,1,6,2,18,9,1,1,0,0,1,3,0
502,1962,Basic,Married,58352.62,2,0,4/30/23 5:06,5,438,12,46,75,27,0,1,1,8,17,3,1,1,0,1,0,2,0
503,1941,Basic,Divorced,80499.41,3,2,10/1/13 4:59,97,0,6,138,59,40,0,0,4,9,5,0,0,1,0,0,1,0,0
504,1966,Graduate,Widowed,51280.3,4,1,7/17/13 12:59,49,501,47,229,59,13,44,9,6,7,13,2,1,0,1,0,1,4,1
505,1981,Postgraduate,Married,59523.62,1,1,6/9/19 21:15,98,376,6,252,33,40,88,1,10,0,2,6,0,0,0,0,0,0,0
506,1941,High School,Single,42369.24,0,2,8/25/14 1:51,30,438,47,206,67,53,88,5,10,9,15,6,0,0,1,0,0,0,0
507,1965,High School,Divorced,31375.76,3,2,3/12/10 14:54,72,469,17,69,25,13,0,2,13,1,0,2,1,1,1,1,0,3,1
508,1956,PhD,Married,52493.98,3,0,6/21/18 14:06,63,469,6,321,67,53,88,9,2,2,11,0,1,0,1,0,1,4,1
509,1979,PhD,Single,54866,2,1,8/25/17 18:34,47,31,52,252,50,0,88,4,13,1,13,9,1,0,1,0,1,1,1
510,1972,High School,Divorced,44631.33,4,1,5/3/19 15:06,26,501,0,161,42,13,0,0,10,2,18,8,1,0,0,1,0,0,1
511,1948,PhD,Single,59465.85,2,1,11/13/12 7:40,57,313,17,229,25,40,44,7,3,7,18,5,1,0,0,0,0,4,1
512,1982,Graduate,Divorced,40188.8,2,2,7/18/13 13:10,37,219,47,184,8,0,0,3,0,5,8,6,0,0,0,1,1,0,1
513,1993,High School,Widowed,36468.71,4,0,10/21/10 23:45,98,595,47,46,59,53,0,8,2,6,6,0,0,1,0,0,1,3,0
514,1987,PhD,Married,65909.64,0,1,1/3/18 2:43,7,63,17,92,42,53,0,3,8,9,13,0,1,0,0,0,1,3,0
515,1978,High School,Single,65980.21,2,2,12/4/13 9:09,40,344,47,69,17,40,44,1,9,9,4,3,1,1,1,1,0,1,1
516,1968,Postgraduate,Divorced,40484.85,2,1,1/19/14 1:57,92,595,29,298,50,0,44,2,4,5,17,6,1,1,0,1,1,3,0
517,1981,Basic,Single,75782.76,3,0,12/13/10 2:38,39,469,0,252,75,27,44,4,14,0,8,7,1,0,0,1,1,4,1
518,1994,High School,Single,45693.4,4,1,8/17/21 19:38,62,407,52,206,50,40,44,9,14,2,6,9,0,1,1,0,0,3,0
519,1965,Basic,Married,51271.74,1,0,1/17/22 23:04,92,469,29,321,42,53,0,5,7,0,8,8,0,0,0,1,1,1,1
520,1974,PhD,Widowed,48730.21,0,0,3/4/20 3:45,78,501,47,115,8,13,88,6,1,9,3,0,0,1,0,1,0,2,1
521,1989,Basic,Single,57856.4,0,1,10/2/14 3:00,53,313,6,229,59,0,0,3,2,8,16,3,1,1,1,0,1,0,0
522,1964,High School,Divorced,54071.32,4,1,2/24/11 0:28,4,501,29,206,0,27,44,6,6,8,11,3,1,0,0,0,0,0,1
523,1963,Postgraduate,Divorced,53869.43,3,0,4/15/11 6:57,82,563,6,69,0,13,88,9,13,4,5,2,1,1,1,0,0,4,0
524,1952,PhD,Widowed,34706.58,3,2,12/19/15 8:44,25,0,17,161,42,0,0,2,9,3,17,6,0,1,1,1,0,1,1
525,1999,High School,Divorced,24671.57,4,0,8/11/11 4:14,7,344,41,46,33,40,88,6,3,8,7,0,0,1,0,0,1,1,1
526,1997,PhD,Widowed,67132.4,3,1,6/17/22 18:12,28,438,35,229,67,40,44,3,8,8,14,8,0,1,1,1,1,1,0
527,1946,Graduate,Divorced,41818.31,0,1,5/9/21 16:42,69,532,47,92,50,0,88,7,13,2,2,7,1,1,0,1,1,0,1
528,1996,Basic,Married,49264.5,0,2,9/17/17 2:15,67,407,35,275,8,27,88,8,6,4,1,1,0,1,0,1,1,3,0
529,1975,Graduate,Single,54901.98,1,0,8/21/12 2:11,95,0,0,0,50,0,44,6,13,2,8,1,1,1,0,1,0,0,0
530,1984,High School,Married,74435.14,4,0,2/17/18 1:15,20,376,6,275,17,13,88,7,10,9,7,7,0,1,1,0,1,0,0
531,1959,Postgraduate,Single,52420.37,2,0,7/31/15 13:04,83,438,29,321,0,13,0,7,11,1,3,0,1,0,1,0,1,0,0
532,1940,PhD,Single,44078.04,2,1,6/26/17 3:46,11,188,35,115,59,40,88,1,0,0,1,6,1,1,1,1,0,3,0
533,1947,Basic,Single,42146.83,1,0,7/2/10 0:06,67,438,12,229,17,0,0,8,3,9,13,8,1,0,1,1,0,2,1
534,1985,PhD,Married,49439.65,1,2,9/14/14 13:31,87,595,47,92,59,40,88,5,9,1,1,2,1,0,1,0,0,4,1
535,1955,High School,Single,36359.53,3,1,3/5/14 20:41,7,282,35,161,50,27,88,3,10,7,1,6,0,1,1,0,0,2,0
536,1953,PhD,Married,50433.14,1,1,3/29/21 19:24,23,407,29,184,8,13,44,4,5,7,6,5,0,1,1,1,1,2,1
537,1951,Basic,Widowed,49219.7,1,0,10/13/19 1:16,61,156,29,161,0,53,44,9,5,2,11,6,0,0,1,1,0,0,0
538,1990,High School,Divorced,74622.9,2,2,5/31/22 1:17,71,407,0,161,50,53,0,4,9,6,5,6,1,0,1,1,1,2,1
539,1962,PhD,Divorced,48745.98,3,1,6/12/17 5:57,34,344,23,252,0,0,44,6,5,6,17,9,0,0,1,1,1,0,0
540,1954,Postgraduate,Single,21132.68,1,1,10/10/12 20:48,19,313,52,298,42,0,44,8,4,1,3,0,1,1,1,1,0,0,1
541,1967,High School,Married,90102.66,1,0,10/3/14 19:39,58,595,12,275,75,53,44,6,2,8,18,2,0,1,0,0,0,4,0
542,1973,High School,Divorced,64352.51,3,0,8/3/20 16:35,9,563,35,46,75,0,44,8,1,2,12,9,0,1,1,1,0,1,1
543,1941,Postgraduate,Married,81235.23,4,2,8/7/22 5:19,48,31,52,69,59,13,44,3,2,1,19,0,1,0,0,0,0,0,0
544,1971,Graduate,Married,32640.2,3,0,12/24/23 20:23,82,595,12,321,50,27,0,9,8,2,1,4,1,1,0,1,0,2,0
545,1962,Basic,Single,46672.6,2,2,5/18/16 11:48,41,0,23,229,25,27,0,9,2,1,7,2,1,1,0,0,1,4,1
546,1961,Graduate,Divorced,60116.02,4,1,4/11/19 23:21,48,219,35,69,0,40,44,3,2,7,18,0,0,1,0,1,0,2,0
547,1990,PhD,Single,58045.87,0,2,10/9/19 7:47,45,407,12,321,0,13,44,5,0,4,8,1,1,1,1,0,1,1,0
548,1964,Postgraduate,Single,54604.07,3,2,3/30/19 3:38,25,250,52,321,25,0,0,7,1,2,3,9,0,0,0,0,0,3,1
549,1997,Graduate,Divorced,17005.84,2,2,5/15/21 5:41,78,31,6,298,33,0,88,8,10,4,15,4,0,1,0,1,1,1,1
550,2001,High School,Divorced,24313.41,4,1,10/4/10 6:44,25,125,29,229,50,40,0,0,11,7,18,2,0,1,0,1,1,4,0
551,2000,PhD,Widowed,72762.8,3,0,10/8/14 20:24,19,219,41,92,25,40,88,0,2,6,9,5,1,0,1,0,1,1,0
552,1961,PhD,Widowed,75429.94,1,1,6/8/21 1:34,39,469,17,275,75,0,44,7,1,5,5,8,0,1,0,0,0,1,0
553,1997,Graduate,Married,48400.23,3,0,4/7/15 15:00,79,469,47,184,0,0,44,6,7,0,15,5,1,0,0,0,0,4,0
554,1997,Graduate,Divorced,70856.41,0,2,8/18/20 11:30,80,376,41,252,75,13,0,8,5,9,9,1,1,0,1,1,0,4,1
555,1961,Postgraduate,Widowed,34651.58,3,2,3/18/19 22:41,27,595,35,184,50,40,44,2,6,0,12,1,0,1,1,0,1,2,0
556,1988,Basic,Married,38083.61,4,2,6/20/13 11:55,74,438,35,206,8,13,88,9,0,0,8,7,0,0,1,1,1,0,0
557,1991,Graduate,Married,33465.8,4,2,4/12/16 16:19,63,0,12,275,8,0,88,4,5,9,6,7,0,1,1,1,0,3,1
558,1981,Graduate,Married,37251.21,3,2,6/26/20 18:01,68,63,29,252,59,53,0,2,1,7,3,5,0,0,1,1,0,3,1
559,1945,High School,Widowed,60840.44,4,0,7/6/10 11:45,19,156,23,298,75,53,88,4,12,7,18,9,1,0,1,1,1,3,0
560,1954,PhD,Divorced,37064.71,1,0,8/24/15 16:34,28,407,0,0,75,0,0,9,14,6,3,6,1,1,1,1,1,1,1
561,1993,Basic,Single,83596.15,3,2,7/13/11 9:35,85,94,12,298,75,40,0,0,5,5,18,0,1,0,1,1,0,4,1
562,1982,High School,Married,56901.06,1,1,4/21/12 4:20,78,532,0,298,33,53,88,3,2,3,18,8,1,1,1,0,0,4,1
563,1999,Postgraduate,Widowed,66267.91,1,1,11/27/20 4:41,33,438,17,161,75,40,88,5,6,0,11,4,1,1,0,0,0,4,0
564,1976,Postgraduate,Widowed,57349.11,2,2,8/8/14 15:04,10,250,52,298,8,53,88,1,2,8,12,8,1,1,1,1,1,0,0
565,1972,Graduate,Single,68214.04,3,0,4/4/21 12:43,83,532,12,0,33,40,88,6,8,0,3,1,1,1,0,0,1,4,0
566,1947,Graduate,Single,36980,4,1,5/21/19 18:02,30,63,17,23,59,53,88,7,2,3,9,7,1,0,0,0,0,4,1
567,1992,Postgraduate,Widowed,71704,1,1,1/10/19 16:53,22,282,47,138,42,40,88,0,6,2,6,6,1,1,1,1,0,1,0
568,1999,Graduate,Divorced,52114.08,2,1,6/8/17 23:19,3,501,12,321,17,13,88,3,11,6,4,3,0,0,1,0,0,2,0
569,1983,Basic,Single,68138.99,3,2,1/17/12 22:38,82,188,29,161,59,40,44,3,3,4,16,2,0,1,1,1,0,3,0
570,1983,Graduate,Widowed,28406.54,3,1,11/30/16 12:18,75,438,29,0,67,13,0,4,7,4,17,3,1,0,1,1,0,1,1
571,1944,PhD,Single,52708.75,0,1,7/24/18 12:50,48,0,35,321,33,13,0,3,13,3,10,3,1,0,0,1,1,1,0
572,1978,Graduate,Divorced,52178.58,0,1,7/7/16 15:05,2,313,47,46,8,0,88,8,1,0,14,9,0,0,0,1,0,1,0
573,1943,High School,Married,40711.45,1,1,7/27/22 15:45,76,501,35,138,8,13,0,6,7,4,6,9,0,0,1,0,1,3,0
574,1945,Basic,Single,54696.78,0,0,9/24/14 15:05,54,125,0,275,50,27,88,1,8,3,17,7,0,1,0,0,1,1,0
575,1984,High School,Divorced,73094.1,1,2,2/4/20 13:58,6,188,41,184,0,13,44,0,12,9,5,3,1,1,1,1,1,2,1
576,1971,High School,Widowed,39557.71,4,2,11/17/15 2:40,40,563,23,161,75,40,0,8,7,7,17,4,0,0,0,0,1,4,0
577,1991,PhD,Single,64427.82,1,0,7/30/16 6:54,93,438,47,161,8,13,0,0,5,1,15,1,0,0,0,1,1,2,0
578,1969,Basic,Single,33088.65,0,0,3/10/18 1:44,94,63,52,321,75,40,44,5,9,7,1,3,0,1,1,1,1,4,1
579,1986,Basic,Widowed,81641.67,4,2,10/27/10 2:33,2,438,23,184,25,40,44,1,0,0,18,6,0,0,1,0,1,4,1
580,1974,Basic,Married,61769,0,1,12/1/16 17:40,73,125,23,206,0,27,44,3,6,3,0,2,0,0,0,0,1,1,1
581,1994,Basic,Widowed,75876.76,1,1,8/20/22 10:04,2,344,6,46,25,13,0,5,0,2,10,0,1,1,1,1,0,1,1
582,1979,Basic,Single,60080.91,2,2,1/13/12 5:31,93,595,12,161,75,13,0,4,6,4,19,7,0,0,0,0,0,3,1
583,1991,PhD,Widowed,55859.2,3,1,6/20/20 17:08,97,125,52,0,33,53,44,5,13,4,4,7,1,0,1,1,0,0,0
584,1955,Graduate,Divorced,61893.99,0,0,2/3/15 19:43,74,63,47,161,67,53,44,2,1,4,15,5,0,1,1,1,0,2,1
585,1952,High School,Widowed,47953.29,1,1,1/5/12 21:58,98,250,35,275,0,0,44,4,7,3,0,6,0,0,1,0,0,3,1
586,1989,Basic,Single,25732.49,4,1,7/24/17 2:34,55,250,0,138,33,40,44,1,1,7,18,9,0,1,1,1,1,3,1
587,1999,Graduate,Widowed,56710.99,0,1,2/16/10 3:26,72,188,12,275,8,27,44,6,2,2,13,1,0,1,1,0,1,2,0
588,1981,Graduate,Married,38667.45,0,2,1/30/10 20:13,60,31,6,321,67,53,88,2,12,3,2,4,0,1,1,1,1,2,0
589,1969,High School,Widowed,33475.07,3,0,9/17/23 16:33,97,469,0,161,42,13,44,0,11,0,1,6,1,1,1,1,1,4,0
590,1958,PhD,Married,59544.4,1,1,6/29/14 1:26,6,250,47,0,8,0,88,7,2,6,4,8,1,0,0,1,1,0,1
591,1956,Postgraduate,Divorced,45813.37,2,2,8/13/19 6:53,19,376,41,115,17,27,0,7,0,0,16,0,1,1,1,1,0,1,0
592,1995,Postgraduate,Married,65415.57,4,1,11/6/12 1:43,96,563,23,138,59,13,0,2,4,1,17,2,1,1,0,1,0,0,1
593,1958,Graduate,Widowed,38165.89,1,0,1/24/14 1:14,27,595,6,298,0,13,88,6,4,6,0,5,1,0,1,0,1,0,1
594,1967,High School,Single,42937.57,4,1,9/9/11 23:03,1,501,0,229,17,40,44,8,9,0,14,6,1,1,0,1,0,1,0
595,1997,Postgraduate,Married,67254.44,0,0,6/29/10 0:06,33,156,35,92,75,40,0,7,4,2,8,5,1,0,1,0,0,0,0
596,1994,Graduate,Divorced,54197.64,3,1,9/11/23 20:00,40,94,6,298,0,53,44,2,13,5,4,0,0,1,1,0,0,3,0
597,1965,PhD,Married,27840.08,3,0,9/21/20 8:02,32,0,0,92,59,53,44,1,12,5,12,3,1,1,0,0,0,3,1
598,1976,Postgraduate,Married,53866.41,2,1,7/2/20 15:55,69,532,6,138,0,13,88,9,8,5,18,5,0,1,1,1,0,1,0
599,1965,Graduate,Married,72218.58,3,0,6/14/14 22:19,17,563,35,321,33,13,0,6,5,1,9,7,0,1,1,0,1,1,0
600,1992,Graduate,Divorced,42821.34,0,1,11/21/11 8:29,8,250,35,229,25,53,0,6,5,1,19,9,1,0,1,0,0,2,0
601,2001,Basic,Widowed,58970.87,2,1,6/20/12 19:09,57,376,52,321,50,53,88,8,2,5,13,3,0,0,1,0,0,2,0
602,1962,PhD,Married,37259.2,1,2,9/27/10 11:48,42,219,29,46,33,13,44,4,4,9,11,6,0,0,1,1,1,0,0
603,1948,Basic,Married,47948.25,3,2,8/31/22 9:22,98,376,23,115,59,27,44,3,9,4,10,2,1,1,0,1,1,0,1
604,1951,High School,Single,66347.53,2,0,11/7/15 9:27,9,438,12,138,0,13,0,7,6,6,6,7,0,1,1,1,1,1,1
605,1992,Basic,Divorced,53288.48,0,1,4/14/18 18:51,87,313,12,0,33,27,88,3,2,6,16,0,1,1,0,1,1,0,0
606,1940,Basic,Married,69339.05,4,0,11/14/16 8:46,35,344,47,252,25,27,88,3,1,4,17,3,0,0,0,0,1,4,1
607,1997,Postgraduate,Divorced,56379.54,4,2,11/13/14 19:24,71,407,17,23,17,13,44,1,4,7,6,7,1,1,0,1,1,3,1
608,1997,Graduate,Married,83281.1,0,0,9/25/14 12:18,79,94,47,252,33,0,44,0,2,9,19,9,0,0,0,0,1,0,1
609,1940,PhD,Widowed,26526.3,0,0,9/28/12 13:23,53,0,17,69,75,53,88,3,4,5,5,3,1,0,0,1,1,0,0
610,1986,Basic,Widowed,46742.1,4,2,12/26/17 19:47,54,94,6,275,17,40,0,6,8,4,10,1,0,0,0,0,0,2,1
611,1973,PhD,Married,33731.99,2,1,2/12/22 3:48,84,563,17,161,59,13,44,8,10,3,11,1,1,1,0,1,1,4,0
612,1971,Basic,Widowed,34756.26,4,0,3/20/22 7:58,25,250,29,229,17,27,88,8,9,6,15,3,0,1,0,1,1,0,1
613,2001,High School,Married,34892.24,0,2,9/1/10 5:03,67,282,29,275,0,13,88,9,0,3,18,3,0,1,1,1,0,3,0
614,1993,Basic,Widowed,52515.89,3,1,8/24/23 22:15,62,94,23,298,67,53,88,0,3,4,18,1,1,1,0,1,1,0,1
615,1987,Postgraduate,Single,53394.51,1,2,2/8/18 13:23,55,595,0,206,67,27,0,4,9,4,10,6,0,0,1,0,1,1,1
616,1964,Graduate,Single,56411.84,3,0,12/31/18 20:47,46,250,12,115,42,40,44,6,14,0,15,5,1,0,0,1,1,4,0
617,1979,High School,Single,33154.09,3,1,7/7/20 22:37,24,376,23,0,75,40,44,6,4,0,11,2,0,1,0,1,1,0,0
618,1984,Basic,Divorced,45136.63,0,1,1/1/10 22:51,98,344,29,206,0,40,44,9,1,2,7,7,0,1,1,1,0,4,1
619,1992,PhD,Divorced,35535.58,4,2,5/8/10 18:32,46,313,0,92,59,0,0,5,11,2,2,7,1,1,0,0,0,0,0
620,1940,High School,Single,64038.22,2,2,1/31/20 5:15,22,344,47,138,8,27,44,9,1,1,1,0,0,0,1,1,1,3,0
621,1955,High School,Divorced,36945.99,3,2,11/3/20 9:07,11,532,12,321,67,27,44,3,0,1,5,2,1,1,0,1,0,3,0
622,2000,Basic,Widowed,46794.32,4,1,7/9/17 6:37,48,344,52,275,59,0,44,2,13,5,15,4,0,0,1,0,0,4,0
623,1978,High School,Married,58404.6,2,1,8/12/10 15:53,8,469,12,115,17,27,44,8,7,0,19,1,0,0,1,0,0,2,1
624,1944,PhD,Married,40765.57,3,0,1/1/20 0:03,39,125,6,275,33,0,0,9,1,5,14,4,0,0,0,0,0,2,0
625,1961,High School,Married,60408.18,2,1,5/17/21 0:02,35,595,41,275,67,13,88,3,2,4,13,9,0,0,0,1,0,1,1
626,1968,PhD,Single,73941.2,4,0,5/16/17 6:06,49,344,12,252,0,53,88,7,14,5,1,2,1,0,0,0,0,2,1
627,1994,Basic,Divorced,52845.68,1,2,6/11/21 20:20,46,313,29,184,67,40,44,0,11,4,19,8,1,0,0,1,1,4,0
628,1942,Graduate,Widowed,63524.16,4,2,3/10/12 5:47,38,250,6,161,25,0,44,6,1,6,17,0,0,0,1,0,1,2,0
629,1951,High School,Widowed,18898.69,0,1,1/18/18 14:39,8,532,35,321,25,0,44,5,3,0,13,3,0,1,1,1,0,1,0
630,1965,Graduate,Single,43564.22,2,2,10/1/13 1:40,54,63,17,69,25,0,0,0,13,2,17,9,1,1,1,0,0,0,0
631,1955,PhD,Widowed,52773.51,1,2,4/19/17 14:23,37,595,47,275,75,13,44,3,0,5,1,5,0,1,1,0,0,2,1
632,1990,High School,Widowed,34205.52,2,1,12/9/20 19:52,91,501,52,229,67,0,0,4,2,0,0,8,1,0,1,0,1,4,1
633,1976,Postgraduate,Widowed,53114.74,2,0,6/2/13 9:54,92,407,47,252,42,53,44,7,4,6,19,2,0,0,1,1,1,4,0
634,1961,Graduate,Widowed,65899.11,3,1,3/2/21 4:47,40,0,35,92,59,53,44,3,9,3,1,2,0,1,1,0,1,1,1
635,1996,High School,Divorced,21806.59,0,0,2/27/18 13:02,34,501,41,138,25,40,88,2,0,2,8,4,1,0,0,1,1,1,0
636,1968,Graduate,Widowed,32163.91,2,1,7/15/11 1:06,96,219,12,161,17,13,44,1,3,9,8,6,0,0,0,0,1,3,1
637,1953,High School,Married,52772.2,4,1,2/18/16 14:09,79,125,23,92,0,53,0,3,5,8,15,4,1,0,0,0,1,3,1
638,1967,Basic,Single,56906.3,4,2,3/11/18 15:49,17,125,6,184,75,27,88,9,14,0,10,7,1,0,0,0,0,3,1
639,1944,Graduate,Divorced,61071.21,3,1,7/24/12 22:01,33,250,52,298,50,27,0,3,3,7,5,4,1,0,0,1,1,0,0
640,1986,Postgraduate,Widowed,51663.34,0,1,10/22/19 6:54,47,63,35,206,25,27,88,9,6,0,11,6,1,0,0,1,1,4,0
641,1988,Postgraduate,Divorced,56922.69,0,0,10/21/19 21:40,52,563,41,252,59,0,0,4,13,4,2,5,1,0,0,1,1,3,1
642,1969,PhD,Widowed,63552.21,4,2,10/6/16 1:50,80,250,47,69,17,0,88,6,6,9,11,9,1,0,0,0,0,4,0
643,1985,High School,Married,43783.13,1,0,5/27/17 8:06,93,532,35,69,0,27,0,8,5,7,0,1,0,0,1,1,1,1,0
644,2001,Graduate,Single,40871.21,3,0,5/30/15 10:16,9,469,52,275,33,40,0,1,8,5,8,2,1,0,0,1,0,0,1
645,1991,PhD,Widowed,47472.4,3,2,3/2/18 10:27,33,0,52,161,8,40,44,4,1,6,19,3,1,0,0,0,0,1,0
646,1944,Graduate,Widowed,52992.32,4,2,9/28/19 19:16,60,31,41,0,17,0,88,9,12,7,5,4,0,0,0,0,1,4,0
647,1951,High School,Widowed,40125.9,4,2,6/10/16 21:12,93,407,47,161,42,27,88,8,9,5,10,8,1,1,1,1,1,3,1
648,1955,Postgraduate,Widowed,44093.64,1,1,10/31/23 12:33,77,407,29,92,17,40,44,2,7,5,2,5,0,0,0,1,1,1,1
649,1965,Basic,Single,55965.53,1,2,12/22/13 2:09,21,0,52,275,17,0,0,0,7,5,3,0,1,0,1,0,0,2,1
650,1965,Postgraduate,Single,52366.26,0,2,2/6/18 10:01,58,469,6,298,42,27,0,1,10,4,9,2,1,1,1,1,1,0,1
651,1987,PhD,Married,47219.94,3,2,3/26/18 13:05,85,438,6,229,33,13,88,5,9,7,18,6,1,1,0,0,0,4,0
652,1960,Basic,Single,23883.96,3,0,2/25/23 3:47,69,438,17,0,75,27,0,4,13,1,5,7,0,1,1,0,0,3,0
653,1978,PhD,Widowed,49947.38,4,0,5/15/19 8:52,10,344,47,69,67,27,88,0,13,6,0,6,0,0,0,1,1,1,1
654,1975,High School,Married,35449.94,0,1,12/20/12 22:53,6,469,35,23,0,53,88,0,10,3,7,4,1,0,0,1,1,0,1
655,1972,Basic,Married,64746.24,3,0,8/2/11 4:48,13,407,6,69,17,53,0,3,3,0,7,9,1,1,0,0,1,3,0
656,2001,PhD,Married,45369.18,0,1,8/15/13 23:26,65,438,41,161,17,13,0,3,5,4,5,7,0,1,1,1,0,1,0
657,1969,High School,Widowed,35056.52,0,0,6/11/13 14:48,20,438,35,92,42,13,0,5,10,2,16,8,0,1,0,0,1,4,0
658,1976,Postgraduate,Divorced,49076.85,4,2,7/17/14 5:00,57,563,47,0,59,27,44,5,5,3,18,6,0,0,0,1,0,2,1
659,1962,High School,Widowed,69060.49,0,0,8/24/23 14:41,46,219,41,138,17,40,88,9,4,6,0,8,1,0,0,0,1,2,1
660,1997,Graduate,Single,59462.24,1,1,5/15/20 0:07,8,31,12,0,17,13,0,5,13,4,14,0,0,1,1,1,0,4,1
661,1949,High School,Single,53298.76,1,0,12/8/21 9:08,10,31,0,184,42,27,44,0,0,3,12,8,0,0,1,1,1,0,1
662,1993,High School,Widowed,30108.57,2,2,5/5/11 16:56,73,282,6,46,59,0,0,9,2,0,2,2,0,0,1,0,1,4,0
663,1944,Graduate,Widowed,74324,4,1,7/6/16 18:44,67,63,6,252,42,53,88,8,6,5,1,5,0,1,1,1,0,1,1
664,1975,PhD,Married,40675.59,2,2,3/11/10 13:25,11,501,17,46,75,40,44,6,7,9,2,7,0,1,0,0,0,0,1
665,1973,PhD,Widowed,64006.76,1,2,3/20/22 3:47,12,219,29,321,17,27,88,6,1,5,8,2,0,1,0,1,1,2,0
666,1991,High School,Married,45119.56,2,1,10/4/13 9:05,10,94,17,321,25,0,0,6,2,6,15,3,0,0,1,1,0,1,1
667,1970,Graduate,Single,62562.62,4,2,8/26/18 19:52,25,407,47,115,0,53,0,1,3,0,12,6,1,0,0,1,0,3,0
668,1949,Graduate,Married,69603.11,4,2,10/14/10 2:37,49,282,17,206,59,0,0,1,13,3,18,6,0,0,1,1,0,3,1
669,1997,Postgraduate,Widowed,59722.06,0,0,4/30/12 18:15,49,0,29,115,25,27,44,5,10,8,17,3,1,0,0,0,0,3,0
670,1958,PhD,Single,61337.82,3,2,7/29/11 18:58,89,94,29,275,42,13,44,6,4,9,11,8,1,0,0,0,1,2,0
671,1997,Basic,Divorced,48523.42,0,2,5/11/22 22:56,11,0,52,229,17,53,44,2,2,5,11,2,0,1,1,1,0,4,0
672,1971,PhD,Married,43490.51,4,2,1/15/16 2:48,62,501,52,229,42,0,44,3,4,1,0,7,1,0,1,0,1,0,1
673,1940,PhD,Single,52074.48,1,2,2/21/12 17:17,36,501,0,115,67,13,0,2,7,3,19,7,1,0,0,0,1,2,1
674,1995,Postgraduate,Married,44901.28,1,1,4/28/14 4:48,39,188,41,275,67,40,0,6,7,5,7,3,0,1,1,1,1,1,1
675,1944,Basic,Single,87008.06,0,0,5/5/15 10:43,53,595,12,0,75,27,0,6,13,3,16,6,1,1,0,0,0,1,1
676,1984,Postgraduate,Single,35114.63,4,2,5/16/18 6:24,90,438,29,92,17,27,44,3,1,9,19,3,0,1,0,0,1,3,1
677,1943,Basic,Married,65031.28,1,2,2/20/23 22:25,78,376,12,252,17,53,44,6,5,6,6,0,0,1,0,1,1,0,1
678,1955,High School,Divorced,57757.95,4,1,1/26/17 12:02,56,31,6,115,25,0,0,4,3,2,8,0,0,0,0,1,1,3,0
679,1963,Basic,Single,53448.08,1,2,1/12/14 5:48,1,563,23,161,50,40,0,0,8,5,16,0,0,0,1,1,1,1,1
680,1955,Postgraduate,Single,72198.29,4,1,11/18/22 2:53,56,376,0,275,17,53,44,9,9,3,9,1,0,1,0,1,1,1,1
681,1994,PhD,Single,54475.66,2,0,9/19/18 15:14,4,313,47,0,75,53,88,3,1,2,3,5,0,0,0,0,0,4,0
682,1941,Basic,Divorced,40476.4,4,0,5/26/20 18:20,30,438,35,92,59,0,0,6,7,2,6,9,0,1,0,1,1,4,0
683,1988,Basic,Divorced,54375.96,4,2,5/13/17 9:09,12,282,12,46,59,40,0,1,0,1,6,4,1,0,1,0,0,4,1
684,1967,Graduate,Widowed,47252.33,0,2,5/23/21 3:17,35,250,17,23,42,0,0,1,10,2,7,1,0,0,0,0,1,3,0
685,1971,PhD,Married,57549.27,2,2,12/25/17 4:39,77,250,29,229,25,27,44,0,5,9,7,7,1,0,1,1,1,0,1
686,1966,High School,Divorced,62196.1,3,1,3/19/16 23:22,52,595,12,161,33,13,0,1,10,0,15,8,0,1,1,0,0,4,0
687,1959,Postgraduate,Married,37113.68,0,2,2/22/14 15:56,31,0,35,138,8,27,0,9,10,2,11,6,0,1,1,0,0,2,1
688,1963,High School,Widowed,67930.04,3,2,7/23/21 23:44,87,501,29,206,42,27,0,7,13,8,14,8,0,0,1,0,1,4,0
689,1951,PhD,Married,46176.5,1,0,2/22/23 4:22,68,344,47,138,17,53,0,7,11,3,7,3,1,0,1,1,1,3,0
690,1989,Basic,Divorced,56654.21,3,2,11/28/13 1:12,52,282,23,92,42,27,0,7,9,2,8,6,1,1,1,0,1,0,1
691,1974,Basic,Married,59255.45,4,0,1/17/17 7:41,80,125,17,252,33,40,88,0,12,7,2,4,1,1,1,1,1,4,1
692,1999,PhD,Divorced,55510.83,3,2,10/16/20 14:05,7,532,12,275,8,27,88,0,0,0,15,4,1,0,0,1,1,0,0
693,1972,Basic,Married,48363.37,0,0,2/6/12 23:34,22,438,52,184,33,40,0,9,1,4,14,2,1,0,0,0,0,2,0
694,1972,Basic,Divorced,42671.04,0,2,11/10/18 22:38,93,156,0,92,33,0,0,3,2,0,3,8,1,1,1,0,1,1,0
695,2000,Basic,Divorced,45965.08,3,0,1/16/12 21:57,75,188,12,23,67,53,0,5,8,6,19,9,0,0,1,1,1,0,0
696,1990,Postgraduate,Married,73477.58,0,1,9/13/14 15:26,56,501,12,46,59,40,0,7,4,4,15,4,0,1,1,1,0,4,1
697,1982,Postgraduate,Widowed,37012,0,0,6/19/22 20:15,97,156,35,69,50,27,44,1,9,1,9,5,1,1,0,1,0,3,0
698,1976,Graduate,Single,39211.35,3,0,3/27/16 2:22,58,219,35,321,17,53,44,2,9,0,10,2,1,0,1,1,1,3,0
699,1951,High School,Widowed,38552.77,2,0,10/16/13 4:29,93,344,0,92,75,53,44,5,11,6,4,9,1,0,0,1,0,3,1
700,1942,PhD,Married,52036.31,2,2,2/18/10 22:39,64,407,12,275,25,40,88,9,1,0,10,6,1,0,0,0,0,3,1
701,1940,PhD,Widowed,27129.42,1,2,12/17/21 23:28,12,344,41,46,42,40,0,3,9,2,12,8,1,1,1,1,0,0,1
702,1972,PhD,Divorced,29696.6,0,2,9/27/22 2:35,7,282,47,252,17,13,44,1,4,5,14,8,0,1,0,0,1,3,1
703,1979,Graduate,Single,46085.68,3,1,12/22/13 9:17,55,595,35,298,67,13,0,6,4,5,5,9,0,1,1,1,1,1,1
704,1949,Postgraduate,Married,30683.37,0,1,3/20/11 8:15,62,438,35,138,59,53,0,3,0,6,15,9,0,0,1,0,1,2,1
705,1982,Graduate,Married,31905.93,4,0,4/5/16 8:47,90,188,41,92,42,13,88,7,2,0,14,4,0,0,1,1,0,0,0
706,1983,PhD,Married,30795.97,0,1,9/7/20 19:02,73,250,29,92,25,27,88,7,4,6,10,6,0,1,0,0,1,0,0
707,1968,High School,Single,37300.82,0,0,1/11/12 0:37,98,282,12,115,50,0,44,6,8,1,19,2,0,1,1,0,1,3,0
708,1952,Basic,Divorced,60968.7,2,0,6/20/20 3:36,77,282,0,138,17,53,44,9,9,5,1,5,0,0,0,1,0,3,1
709,1951,Postgraduate,Married,64335.62,3,0,2/20/19 7:36,55,469,35,206,75,0,88,8,0,7,1,7,0,1,1,0,1,0,1
710,1970,Postgraduate,Widowed,78785.01,0,1,3/2/14 18:48,36,188,0,206,59,13,88,3,7,4,11,7,1,0,1,1,0,3,0
711,1985,Graduate,Married,78235.43,2,2,11/17/16 13:09,89,125,0,161,0,40,0,6,0,9,15,1,1,0,1,1,0,3,0
712,1941,Postgraduate,Married,61794.69,1,1,11/19/18 4:03,24,63,47,184,17,53,0,9,8,2,18,5,0,1,1,0,0,3,1
713,2000,PhD,Married,65415.17,2,0,9/5/23 21:49,44,532,52,229,33,13,44,9,5,7,1,6,0,1,1,0,0,3,1
714,1990,PhD,Married,51966.53,2,0,7/20/22 21:07,17,313,35,69,33,27,44,0,0,7,16,6,0,1,0,1,1,3,0
715,1989,Graduate,Divorced,57797.97,2,1,1/26/15 4:09,2,438,17,92,75,53,88,3,7,3,13,2,1,1,1,1,1,4,0
716,1974,PhD,Widowed,79154.05,0,0,4/15/23 20:04,13,595,29,321,8,53,44,1,4,7,15,8,1,1,1,1,1,4,0
717,1962,High School,Divorced,55568.19,0,0,10/7/19 13:38,31,125,0,92,75,40,0,8,6,4,4,1,0,0,1,0,0,4,0
718,1956,Graduate,Widowed,67298.58,1,1,4/10/20 11:13,93,344,35,161,59,53,88,4,6,4,9,2,1,1,0,0,1,0,0
719,1965,High School,Married,35984.73,4,1,4/9/14 9:19,28,94,29,184,33,40,0,2,14,2,16,1,0,0,1,1,1,2,1
720,1947,Basic,Single,40006.42,4,1,5/16/23 15:48,60,438,17,138,50,13,88,3,6,6,12,8,0,1,1,0,0,0,0
721,1968,High School,Divorced,54681.04,4,0,1/5/22 12:25,27,250,35,321,50,27,88,5,5,8,15,3,0,1,1,0,0,4,0
722,1965,Basic,Single,52248.98,1,0,12/29/11 9:35,15,188,12,92,33,27,0,9,10,8,8,1,0,1,1,0,1,0,1
723,1949,Basic,Divorced,40700.99,4,2,9/3/10 7:40,95,282,0,46,59,53,44,0,7,0,3,2,0,1,0,1,0,2,0
724,1965,High School,Married,86110.66,4,2,5/22/14 18:14,79,376,17,0,67,53,44,6,8,0,15,3,1,1,1,1,1,3,1
725,2001,Graduate,Divorced,52588.91,2,1,8/21/18 18:52,33,219,12,229,25,13,44,7,11,9,10,9,0,1,0,0,0,1,1
726,1973,PhD,Married,43359.12,0,2,2/4/19 14:36,20,344,0,184,25,40,44,6,14,4,6,5,0,0,0,0,0,4,0
727,1990,PhD,Divorced,52274.28,0,0,1/21/11 18:02,42,563,6,92,59,27,0,6,1,0,16,4,0,1,0,1,1,4,0
728,1980,Basic,Married,50381.4,2,2,7/29/16 3:33,12,0,23,184,0,40,88,8,6,3,12,2,0,1,0,0,0,2,1
729,1946,Basic,Married,52817.04,2,0,4/24/23 3:10,73,469,41,206,25,13,0,3,14,0,3,9,1,1,1,1,0,3,1
730,1943,Graduate,Widowed,26094.24,2,1,2/11/23 16:27,23,501,0,321,42,27,44,6,1,1,13,7,0,1,1,1,0,3,1
731,1997,Postgraduate,Married,69379.2,0,1,12/8/18 23:05,72,532,17,252,25,27,44,8,5,1,9,7,0,0,0,1,1,1,0
732,1992,High School,Widowed,70232.44,4,0,11/1/18 17:45,96,313,17,275,42,0,0,4,1,3,9,6,1,0,0,1,1,3,0
733,1989,Basic,Married,72054.81,2,2,12/3/10 18:44,14,532,23,298,33,13,88,1,9,7,9,2,0,0,0,1,1,2,0
734,1984,PhD,Single,54881.48,1,1,7/15/15 4:01,91,188,35,69,67,13,0,4,5,1,11,0,0,0,1,1,0,3,0
735,1950,Graduate,Married,59937.22,2,1,3/5/23 8:21,25,532,41,92,75,0,0,3,1,8,1,4,0,0,0,1,0,2,0
736,1968,High School,Single,37006.6,3,2,7/27/21 18:27,77,219,29,69,67,40,0,7,0,8,8,0,0,0,0,0,0,4,1
737,1995,Graduate,Single,62493.49,2,2,3/31/16 9:05,85,156,0,23,25,0,88,4,6,1,4,5,1,1,0,1,0,4,0
738,1975,High School,Married,53776.82,0,0,1/9/20 7:52,31,188,35,252,25,13,0,8,2,0,7,6,0,1,0,0,1,4,0
739,1964,High School,Single,43093.9,2,2,7/31/12 14:50,54,282,12,0,59,40,0,8,13,9,13,4,0,0,0,0,1,0,1
740,1960,Basic,Widowed,62971.17,3,2,5/22/12 10:01,5,313,29,161,75,27,44,2,11,9,6,3,1,1,1,0,0,4,0
741,2000,Graduate,Divorced,63551.74,1,2,10/7/23 18:04,13,376,41,69,25,0,0,9,13,8,6,1,0,1,0,1,1,2,0
742,1996,Graduate,Married,50909.13,4,0,8/1/20 8:27,28,250,35,92,8,40,44,5,12,1,8,4,0,1,1,0,1,1,0
743,1975,PhD,Single,56575.74,2,0,11/24/11 11:32,43,188,52,115,8,40,44,5,3,7,2,8,1,1,1,1,1,3,1
744,1949,PhD,Married,34524.24,3,1,8/26/10 9:47,89,250,29,298,0,40,44,3,12,2,13,3,0,1,1,1,0,4,1
745,1976,Basic,Widowed,68647.75,3,0,4/16/14 23:34,99,376,47,161,33,0,88,9,5,0,16,1,1,0,1,0,1,0,0
746,1948,Basic,Married,36517.8,1,1,12/28/14 2:14,47,63,47,229,42,27,44,2,4,0,17,5,0,0,1,0,1,0,0
747,1963,Postgraduate,Married,39418.62,0,2,11/2/16 5:41,71,63,0,161,67,40,0,0,3,9,11,7,1,0,0,0,1,2,0
748,1974,PhD,Single,50934.73,2,1,1/20/15 4:37,38,0,0,138,33,0,0,6,8,1,13,1,0,0,1,0,1,1,1
749,1988,High School,Widowed,66717.74,3,1,6/8/10 4:25,96,595,0,69,42,13,44,4,5,6,12,8,0,0,1,1,1,4,1
750,1974,Graduate,Divorced,66709.23,1,2,8/9/19 1:06,67,31,41,115,42,0,44,9,5,5,13,6,1,0,0,0,0,4,0
751,1987,Basic,Divorced,49927.63,4,1,2/3/14 10:44,62,63,52,69,17,0,0,6,1,1,8,1,0,1,1,0,1,0,0
752,1975,Graduate,Single,61595.2,3,0,8/28/15 0:03,39,438,35,321,25,0,44,0,5,3,18,4,1,0,0,0,1,2,0
753,1957,Graduate,Married,24664.12,1,0,6/14/18 13:58,37,156,12,298,0,40,88,7,6,1,1,4,1,1,0,0,0,0,0
754,1988,Postgraduate,Single,39210.2,0,0,5/23/18 0:33,86,376,6,138,25,0,44,2,7,0,10,6,1,1,0,0,1,0,1
755,1978,PhD,Single,39515.74,0,0,8/3/14 4:14,8,0,17,252,0,13,88,6,14,2,16,4,1,0,0,1,0,1,1
756,1971,Basic,Single,68783.19,3,1,5/7/15 1:00,81,595,12,275,33,40,88,2,13,3,1,5,0,0,0,1,0,2,0
757,1963,Graduate,Married,59819.81,3,1,4/14/17 6:26,52,563,35,252,59,13,88,2,7,9,18,8,1,0,1,1,0,1,1
758,1962,Basic,Widowed,52769.79,2,2,6/28/12 11:42,91,0,52,321,59,53,44,9,8,4,6,2,0,1,0,0,0,2,1
759,2001,High School,Single,54226.03,1,1,12/18/10 9:54,33,31,41,275,33,0,88,8,9,4,17,2,0,0,0,0,1,4,0
760,1971,Postgraduate,Married,73525.09,3,1,5/10/12 22:23,81,438,29,275,75,40,88,1,10,6,12,7,1,0,1,1,1,3,0
761,1976,High School,Widowed,47447.31,2,1,8/27/22 9:55,42,407,12,229,8,40,44,3,12,9,4,9,1,0,1,1,0,3,0
762,1951,Basic,Single,30288.99,2,2,7/12/12 6:58,76,563,29,298,42,0,88,5,11,7,17,5,0,1,1,1,1,2,0
763,1988,Basic,Divorced,66307.93,3,0,4/26/18 12:35,27,313,6,0,0,27,44,2,2,8,15,9,1,0,1,1,0,3,1
764,1994,PhD,Widowed,52727.59,0,1,8/23/14 10:49,8,438,35,92,50,27,0,9,9,6,14,2,0,0,0,0,1,0,0
765,1952,Graduate,Single,64305.08,1,2,12/23/12 11:13,23,156,52,321,25,13,88,9,14,4,7,1,1,1,1,0,1,4,0
766,1962,Graduate,Widowed,49328.53,1,2,6/13/20 16:09,64,595,35,298,33,0,44,6,6,8,14,1,0,1,0,0,0,4,0
767,1964,High School,Widowed,37419.66,0,2,1/19/11 3:37,93,250,17,206,42,0,0,6,6,7,0,1,0,1,1,1,1,3,0
768,1974,Postgraduate,Widowed,56042.33,3,0,11/29/11 18:38,20,125,41,252,0,53,88,4,0,9,16,4,1,0,1,1,0,2,1
769,1980,Graduate,Widowed,50152.63,1,1,1/7/11 4:38,16,595,17,321,67,27,88,2,7,8,14,4,0,0,1,1,1,0,0
770,1969,PhD,Widowed,52774.13,3,2,4/30/17 8:10,17,31,35,206,75,27,44,1,14,9,13,0,0,1,1,0,1,2,0
771,1956,High School,Widowed,74248.56,3,0,7/10/18 23:31,80,156,17,321,25,0,0,3,3,7,13,1,1,0,1,0,1,3,1
772,1988,High School,Single,33519.46,2,2,10/8/11 1:23,19,532,23,69,59,13,44,3,4,5,9,1,1,1,0,1,0,4,0
773,2001,PhD,Divorced,54288.78,0,2,6/26/15 17:02,8,563,35,229,33,0,88,7,13,3,1,3,1,1,0,0,0,4,0
774,1959,Postgraduate,Married,37715.05,3,2,6/4/23 2:59,38,250,52,138,59,13,88,7,5,8,5,6,1,1,0,1,0,2,0
775,1987,PhD,Widowed,11141.81,4,2,6/17/14 5:50,38,156,12,275,0,27,88,4,2,8,16,2,1,1,1,1,1,1,1
776,1964,Postgraduate,Married,49265.52,0,2,3/10/17 0:02,53,407,52,184,59,53,88,5,4,9,4,4,0,1,0,1,0,2,0
777,1961,PhD,Single,50465.34,1,0,4/2/13 5:41,93,376,23,92,25,40,0,7,9,9,4,8,0,0,1,0,0,1,0
778,1952,PhD,Widowed,59352.83,2,1,7/26/12 8:16,90,313,12,69,8,27,0,0,4,8,14,4,1,0,1,1,0,2,0
779,1998,Basic,Divorced,46736.89,1,1,1/13/17 8:41,31,344,23,321,42,13,44,4,0,9,14,8,0,0,0,1,1,1,1
780,1958,High School,Married,27664.99,1,1,3/31/16 12:00,44,563,12,184,8,0,44,3,2,2,19,0,0,0,0,0,1,1,0
781,1988,PhD,Widowed,37663.53,0,1,2/18/15 9:28,60,563,52,92,33,27,44,3,2,2,10,8,0,1,1,1,1,1,0
782,1975,PhD,Single,69754.38,1,0,12/19/16 12:52,76,563,35,184,8,53,88,1,0,5,4,4,0,0,1,1,1,1,0
783,1951,Graduate,Divorced,37450.58,3,0,8/3/18 21:05,17,376,0,161,17,13,44,9,12,5,0,7,0,1,0,0,0,0,1
784,2000,High School,Married,73748.38,1,0,5/13/12 8:18,79,407,47,69,42,0,0,0,6,5,10,4,1,1,1,1,1,1,1
785,1980,Graduate,Married,65749.76,2,2,5/15/18 5:53,73,532,47,229,0,40,44,5,0,4,10,5,1,0,0,1,0,1,0
786,1958,High School,Widowed,45233.29,2,2,7/26/20 9:29,39,344,23,229,42,13,44,6,6,4,5,7,0,0,0,1,1,4,0
787,1951,Graduate,Divorced,39063.81,4,2,8/11/10 2:17,42,94,47,138,17,0,0,4,3,1,7,1,0,1,1,0,0,0,1
788,1948,PhD,Divorced,65718.69,2,1,12/31/15 15:58,48,282,52,92,50,40,0,7,8,6,1,2,1,0,1,1,0,1,0
789,1946,PhD,Divorced,46386.33,1,2,2/23/17 13:02,12,501,29,206,8,0,88,8,6,3,14,8,1,0,1,1,1,3,1
790,1967,Basic,Divorced,26815.25,2,1,2/4/10 11:20,96,94,23,69,42,40,0,1,4,2,8,4,1,0,1,1,0,0,1
791,1953,Graduate,Single,58434.75,0,2,10/13/14 9:55,89,344,12,92,59,40,0,3,6,7,14,4,1,0,0,0,0,4,1
792,1970,Postgraduate,Divorced,56258.95,2,1,1/21/15 15:35,18,376,41,92,0,40,44,8,8,3,7,8,0,1,1,0,0,2,0
793,1991,Basic,Married,67065.59,3,2,1/4/19 3:29,79,94,17,229,67,0,0,4,9,3,15,9,1,1,0,0,0,4,1
794,1958,Graduate,Married,55243.92,0,2,7/6/22 12:18,96,282,52,321,33,40,88,2,5,7,13,2,1,0,0,1,1,4,1
795,1997,Graduate,Single,41762.8,4,0,6/28/12 8:19,6,63,12,184,33,13,44,5,0,0,14,3,0,1,1,0,1,0,0
796,1986,Basic,Married,69045.18,3,2,7/15/13 13:39,43,438,29,252,33,53,88,2,5,8,19,6,1,1,0,1,0,0,0
797,1955,PhD,Married,70504.86,1,2,2/26/11 16:41,35,31,41,184,42,53,0,4,0,6,12,1,1,0,1,0,1,3,0
798,1992,Graduate,Divorced,53498.09,1,0,3/14/18 1:03,98,501,47,115,8,40,88,2,12,1,8,7,1,0,1,0,0,3,1
799,1944,PhD,Married,50904.83,1,1,1/6/17 20:15,54,156,29,298,42,53,88,5,11,5,0,4,1,1,0,0,0,0,1
800,1974,Basic,Single,30150.93,3,0,1/8/14 22:36,62,219,23,69,25,53,0,9,3,7,5,0,1,1,0,0,1,0,0
801,1951,PhD,Divorced,40887.1,3,0,9/17/21 6:59,69,63,6,321,59,40,0,4,13,4,7,2,0,1,0,1,0,0,1
802,1964,High School,Widowed,61411.54,3,1,10/28/11 21:15,82,532,6,23,67,40,44,8,7,5,19,8,0,0,1,0,1,2,0
803,1991,Postgraduate,Divorced,41640.8,0,2,2/1/15 23:54,16,0,47,298,67,13,44,2,4,9,17,4,0,1,1,1,0,4,0
804,1998,Graduate,Single,28147.43,0,1,2/19/11 22:20,8,469,6,46,59,27,44,5,14,7,17,7,0,1,0,1,1,3,0
805,1960,Postgraduate,Divorced,102438.17,1,2,1/8/16 6:00,89,188,6,23,17,0,0,7,4,5,16,0,0,0,1,1,1,3,0
806,1975,PhD,Divorced,28048.91,2,2,8/15/22 16:08,96,63,12,92,75,40,88,6,12,8,15,6,1,1,1,0,0,1,0
807,1992,Graduate,Single,83851.27,1,1,3/15/19 18:14,90,94,12,115,25,40,88,5,9,8,12,6,1,0,0,0,1,2,1
808,1962,PhD,Divorced,45388.65,4,0,12/22/18 23:28,86,250,17,229,0,53,44,1,10,8,3,7,1,0,1,1,0,0,1
809,1955,High School,Single,48731.56,0,1,11/30/15 2:08,31,125,35,92,67,13,44,6,7,5,3,2,1,1,0,0,1,0,0
810,1996,Basic,Single,39915.83,3,2,8/23/11 14:27,10,563,47,23,33,53,0,7,7,8,13,0,1,0,0,1,0,2,1
811,1978,Graduate,Widowed,61742.56,0,1,11/23/11 13:09,56,438,6,252,42,40,88,0,0,2,4,8,1,0,0,0,1,3,1
812,1984,High School,Married,28403.39,3,1,1/31/16 2:31,76,219,17,92,17,40,44,8,12,4,15,0,1,1,1,0,1,0,0
813,1992,High School,Married,22395.06,4,2,8/3/20 8:32,92,156,47,184,75,53,0,3,12,1,13,5,1,0,0,1,1,1,1
814,1981,Graduate,Divorced,74152.57,4,0,2/14/11 7:34,70,532,6,69,59,40,44,7,4,7,13,8,1,1,0,0,0,3,1
815,1997,PhD,Divorced,37940.41,0,1,6/28/11 23:54,20,563,52,252,50,27,0,9,11,3,13,1,1,0,0,1,1,4,0
816,1978,High School,Widowed,61191.32,3,2,9/20/13 13:28,5,438,0,206,0,0,88,6,4,5,13,3,1,0,0,1,0,2,1
817,1953,Postgraduate,Widowed,33718.16,4,2,5/27/15 13:23,23,188,52,23,75,0,0,9,7,5,18,1,1,1,1,0,1,3,1
818,1970,High School,Widowed,60626.32,1,1,9/19/18 16:13,9,282,41,46,33,0,44,6,0,4,2,3,1,1,0,0,1,4,1
819,1997,PhD,Single,75253.2,1,0,7/3/17 9:37,58,156,47,46,75,27,44,1,6,0,16,1,0,1,1,0,0,1,1
820,1944,PhD,Widowed,42093.18,3,1,5/25/19 3:27,59,407,35,184,67,40,88,0,6,6,13,0,1,0,0,1,1,2,1
821,1974,Postgraduate,Widowed,20998.38,0,0,12/22/14 3:05,93,501,41,69,42,53,88,3,12,9,9,2,0,1,1,0,0,0,0
822,1962,High School,Divorced,75331.91,4,0,9/29/15 15:20,80,250,17,321,59,13,44,1,8,7,12,7,1,0,1,0,0,0,0
823,1968,PhD,Widowed,63893.66,0,0,11/6/14 6:06,54,563,17,0,75,40,44,7,1,0,3,4,1,1,1,0,0,4,0
824,1982,Graduate,Single,42896.43,1,0,6/2/12 12:47,46,125,6,0,0,27,44,9,14,9,10,3,1,0,1,0,0,3,0
825,1950,Basic,Single,46730.72,4,1,9/11/19 6:09,22,188,41,321,75,27,88,6,2,6,14,4,0,1,0,1,0,1,0
826,1957,Basic,Divorced,33340.22,0,2,6/27/17 8:22,64,563,6,138,50,0,44,7,3,3,14,5,0,0,0,0,1,4,1
827,1986,Basic,Widowed,71303.85,2,2,12/4/20 1:36,8,595,47,138,17,40,88,5,0,5,1,5,1,1,1,1,0,1,1
828,1951,High School,Widowed,41979.27,3,2,3/16/21 10:04,20,188,17,23,67,0,44,0,14,8,10,4,1,0,1,0,1,1,0
829,1948,Postgraduate,Single,28719.37,3,2,1/12/11 4:21,51,31,0,184,42,13,0,8,6,4,1,5,1,0,1,0,0,1,0
830,1949,PhD,Widowed,53204.69,2,2,8/11/19 7:29,78,469,17,184,33,0,0,5,13,7,4,8,1,0,0,0,0,2,0
831,1997,Graduate,Widowed,37099.8,1,2,2/8/23 8:12,39,376,12,92,59,13,44,9,9,4,12,4,0,0,1,1,1,4,1
832,1983,Graduate,Widowed,34549.78,4,1,6/28/14 1:46,37,219,29,321,59,27,0,0,2,1,0,5,0,1,1,1,1,2,1
833,1956,High School,Married,43548.51,3,0,11/3/19 1:13,50,156,35,321,17,0,88,0,2,3,6,3,1,0,0,0,0,3,1
834,2000,Basic,Divorced,51295.33,2,2,9/1/18 2:36,34,156,41,46,8,0,0,7,2,1,6,2,0,1,0,1,0,3,1
835,1977,High School,Married,29283.35,2,1,7/25/18 5:18,75,250,6,46,8,53,0,5,7,6,9,5,0,0,0,1,1,0,1
836,1946,Postgraduate,Divorced,70777.23,1,2,9/15/18 21:38,33,94,29,252,33,27,88,7,8,6,5,4,1,1,0,0,1,0,1
837,1985,Postgraduate,Single,60157.4,1,2,4/16/14 6:29,31,313,29,46,75,53,0,7,9,2,19,3,1,0,0,0,0,0,0
838,1952,PhD,Widowed,44519.56,0,0,1/25/12 6:12,54,125,52,115,50,13,0,7,12,6,11,4,1,0,0,0,0,3,1
839,1979,PhD,Divorced,36449.85,3,0,1/17/22 11:17,44,501,23,69,59,13,44,9,13,0,12,6,0,1,1,0,0,1,0
840,1981,Postgraduate,Married,48661.62,0,0,3/5/12 6:32,34,595,52,161,75,27,88,6,1,0,10,0,1,1,1,0,1,1,0
841,1948,Postgraduate,Widowed,63491.53,2,2,12/23/11 12:22,71,188,52,321,59,13,88,6,9,8,17,0,0,0,0,0,0,4,1
842,1989,Postgraduate,Single,61168.76,4,2,9/26/21 10:13,62,438,35,275,59,27,44,9,14,5,1,0,1,1,1,1,1,3,1
843,1966,High School,Divorced,65877.56,4,2,9/6/16 3:58,23,438,12,229,75,13,44,3,9,4,15,1,1,1,0,0,1,0,1
844,1997,Postgraduate,Divorced,42794.34,1,0,2/9/14 10:11,46,407,17,275,17,40,0,8,0,5,1,8,0,1,1,0,0,3,1
845,1941,Graduate,Divorced,10000,4,1,10/21/21 10:39,56,376,52,229,8,0,0,1,13,5,18,4,0,0,0,0,0,1,1
846,1944,Basic,Widowed,68717.17,4,2,2/23/13 6:33,7,313,47,229,25,40,0,8,8,0,5,8,0,1,0,0,1,1,1
847,1968,Postgraduate,Married,47492.06,4,2,9/21/22 18:01,89,376,17,92,0,27,44,9,5,4,0,4,0,0,1,1,0,2,1
848,1976,Basic,Married,59992.49,2,2,5/12/15 20:42,61,250,12,0,17,27,88,2,13,8,10,6,0,1,1,1,0,2,1
849,1977,High School,Divorced,75038.43,4,1,5/12/11 1:21,3,282,6,184,67,40,0,1,14,3,17,5,0,1,0,1,1,4,0
850,1958,Basic,Single,86516.13,4,2,11/16/18 4:34,38,94,23,0,50,0,44,3,8,2,9,1,1,0,0,0,0,3,0
851,1947,High School,Single,40252.68,4,1,1/2/22 3:31,84,501,17,115,50,0,88,4,5,0,17,2,0,1,0,0,1,2,1
852,1987,Graduate,Married,52009.4,0,2,11/14/21 4:23,34,407,41,0,0,53,44,1,1,1,0,4,0,1,0,1,1,2,0
853,1984,High School,Single,70502.55,2,1,3/29/15 8:07,44,532,35,46,50,13,0,0,0,2,18,3,1,1,0,1,0,3,1
854,1940,High School,Married,37335.81,1,2,3/10/12 21:31,30,313,29,321,75,53,44,9,13,3,15,5,0,1,0,0,1,1,0
855,1961,PhD,Divorced,41268.33,0,0,5/12/15 5:46,17,469,6,206,50,0,44,4,7,6,6,7,0,1,1,0,1,4,0
856,1991,Postgraduate,Married,41179.42,3,0,9/24/15 8:07,59,0,12,92,25,40,44,8,2,5,14,7,1,1,1,0,0,4,1
857,1956,Postgraduate,Married,49578.65,2,0,8/5/20 0:12,10,188,52,321,50,13,44,4,0,7,0,2,1,1,1,0,1,4,1
858,1946,Graduate,Divorced,46698.14,2,0,8/26/21 19:35,99,282,47,206,59,40,88,9,14,8,8,3,1,0,1,0,0,2,1
859,1964,Graduate,Single,41093.07,3,2,7/14/12 19:47,84,250,47,138,17,53,0,8,7,5,1,0,0,0,1,1,1,1,0
860,1984,Postgraduate,Married,35513.64,3,0,6/6/18 10:37,18,63,23,298,75,27,88,9,11,6,16,1,1,0,0,0,1,4,0
861,1943,PhD,Married,62179.1,3,1,8/6/11 10:11,45,407,12,206,8,40,44,5,0,3,9,8,0,0,0,1,1,3,1
862,1975,Postgraduate,Divorced,70067.47,1,0,3/18/22 4:45,91,438,6,161,50,53,44,2,7,1,5,9,1,0,1,0,1,4,0
863,1945,PhD,Single,72240.72,4,0,3/8/10 3:11,59,31,41,252,33,53,0,3,0,8,4,9,0,1,0,1,1,0,1
864,1999,Graduate,Married,42783.9,2,0,12/28/14 18:33,62,407,29,184,33,53,0,3,8,8,7,1,1,0,1,1,1,1,0
865,1970,Basic,Divorced,62805.87,4,2,5/24/13 23:50,59,469,52,115,33,27,88,0,13,3,7,5,1,0,1,1,1,0,1
866,1958,Graduate,Married,53544.89,4,0,7/21/23 12:50,49,188,35,321,50,27,88,2,8,2,4,6,1,1,0,0,0,1,0
867,2000,Graduate,Widowed,41439.93,3,1,1/23/17 14:21,63,94,0,229,67,27,0,2,11,9,11,5,0,0,0,0,1,3,1
868,1983,High School,Divorced,61013.27,1,0,8/23/18 11:50,87,532,0,184,59,13,88,0,12,5,6,7,0,1,1,0,0,2,1
869,1993,High School,Single,40750.92,0,0,10/2/17 4:05,32,125,52,161,42,27,44,8,8,2,12,8,1,1,1,1,1,2,1
870,1978,High School,Single,44357.35,1,0,11/16/17 9:50,10,156,6,184,50,27,44,0,2,0,12,7,1,0,1,1,1,1,0
871,1966,High School,Single,29349.05,4,1,1/28/20 2:28,11,188,52,206,67,27,0,8,3,3,16,4,1,0,1,0,0,4,1
872,1949,PhD,Single,43036.68,1,0,9/10/18 2:41,70,438,12,69,42,40,88,0,4,0,3,7,1,1,0,1,0,0,0
873,1965,Postgraduate,Married,53807.92,3,1,9/15/18 16:20,62,0,0,184,0,27,44,1,5,1,17,9,0,1,1,1,0,3,1
874,1958,Basic,Married,73534.02,0,1,1/10/18 21:30,47,94,23,321,25,13,0,1,8,2,9,9,1,0,0,1,1,4,1
875,1978,Graduate,Single,44697.57,3,0,7/31/20 7:24,34,0,12,138,59,53,88,5,12,7,2,8,1,1,1,1,0,2,1
876,2001,PhD,Single,34427.46,0,1,1/29/15 1:47,17,313,0,92,50,40,44,6,10,9,11,7,0,0,1,0,1,4,0
877,1942,Basic,Single,72460.53,4,2,12/12/22 23:07,54,532,41,92,17,0,88,0,11,3,0,1,0,0,0,1,1,0,0
878,1984,PhD,Married,42431.71,0,0,3/22/16 10:17,76,407,29,0,75,27,88,2,3,3,10,1,1,0,0,0,0,2,0
879,1952,PhD,Single,23774.28,0,0,9/15/23 5:03,85,313,47,23,17,53,88,1,13,9,17,2,1,0,0,1,1,1,1
880,1989,Graduate,Single,51996.41,0,1,4/30/20 15:00,40,282,12,206,17,53,0,7,13,8,12,6,0,1,0,1,0,3,0
881,1967,Postgraduate,Widowed,45128.4,1,1,4/10/15 10:22,19,501,47,46,0,40,44,8,5,6,16,8,0,1,0,0,0,3,1
882,2001,High School,Widowed,84505.93,1,0,4/28/19 20:25,67,94,47,298,75,0,0,1,12,1,7,7,1,0,1,1,0,2,1
883,1997,Postgraduate,Single,57130.49,4,2,2/25/16 2:50,82,438,0,298,0,13,44,1,0,2,19,8,0,0,1,0,0,1,1
884,1959,Graduate,Divorced,47804.86,0,1,2/11/19 22:28,53,469,12,161,42,53,44,9,1,3,18,5,0,1,1,0,1,0,1
885,1967,Graduate,Single,36132.54,2,1,10/31/20 22:36,64,376,29,115,0,53,0,8,7,3,16,0,1,1,0,0,1,3,1
886,1947,Graduate,Widowed,54952.5,4,2,12/31/13 12:38,83,250,41,252,33,53,0,3,3,9,1,3,1,1,0,0,0,2,0
887,2000,Basic,Divorced,71850.65,0,2,5/27/14 2:47,47,313,17,206,25,53,44,4,9,7,2,5,0,1,0,0,0,3,0
888,1980,Postgraduate,Divorced,54677.21,0,0,12/24/13 6:52,6,313,23,229,33,40,44,8,6,9,2,5,1,1,1,0,1,1,1
889,1978,Postgraduate,Single,37288.55,1,2,1/15/17 4:09,16,156,47,275,50,0,44,5,3,9,5,7,1,0,0,0,1,0,1
890,1940,PhD,Widowed,58082.09,4,0,11/4/12 4:30,72,0,29,321,42,53,88,9,13,5,9,0,1,0,1,1,0,1,0
891,1942,PhD,Widowed,49270.9,0,2,10/20/17 14:59,18,156,35,298,67,13,44,8,8,2,17,1,1,0,1,0,1,4,1
892,1952,PhD,Divorced,56729.2,0,1,9/10/12 15:13,52,376,35,92,42,13,0,8,8,8,17,1,1,0,1,1,1,1,1
893,1967,Graduate,Single,44677.89,4,0,5/4/16 18:19,48,125,17,275,67,27,0,6,3,9,13,5,0,1,0,1,1,1,1
894,2001,Postgraduate,Married,44325.57,2,0,12/23/21 10:54,43,438,17,0,25,53,0,9,12,7,15,6,0,1,1,1,1,3,1
895,1996,Graduate,Married,43733.3,4,0,3/28/19 17:16,39,532,17,252,0,53,44,8,14,8,6,1,1,0,1,0,0,1,0
896,1999,Basic,Widowed,64133.57,4,2,5/22/16 23:41,49,595,23,229,0,53,44,4,7,4,0,4,1,0,1,0,1,2,1
897,1988,PhD,Married,44476.62,2,1,9/8/12 0:48,12,407,23,252,75,53,88,4,5,2,16,5,1,1,0,1,0,3,0
898,1964,Graduate,Widowed,43104.04,4,0,11/18/16 21:54,10,438,41,184,50,53,88,7,0,3,4,3,0,0,1,0,0,3,0
899,1995,Graduate,Widowed,35869.01,0,0,10/2/11 21:56,71,125,47,46,17,13,0,9,14,4,0,0,0,0,0,1,0,4,0
900,1972,Basic,Widowed,56810.21,4,0,12/18/18 22:50,55,94,6,46,8,0,88,3,6,8,16,2,0,1,0,1,1,2,0
901,1977,High School,Married,54675.53,2,0,1/12/22 9:35,1,31,35,23,42,0,88,8,0,8,9,9,0,1,1,1,1,1,1
902,1992,Postgraduate,Widowed,43268.48,3,1,2/11/13 4:17,49,188,0,69,42,27,0,6,2,2,11,8,1,1,1,0,0,4,1
903,1945,High School,Divorced,39359.32,4,2,5/27/10 6:40,36,282,0,252,50,13,44,6,7,6,19,5,1,0,0,1,1,2,1
904,1997,PhD,Single,78142.6,1,1,7/12/22 13:47,21,469,17,23,33,53,88,2,14,5,1,1,0,1,1,0,0,4,0
905,1983,Graduate,Single,21793.35,0,0,3/1/12 11:29,37,282,52,275,59,0,44,3,8,3,15,8,0,1,0,1,0,0,0
906,1984,Basic,Widowed,57397.58,0,1,9/9/13 11:12,24,532,35,184,50,40,0,6,2,4,14,3,1,0,0,0,1,1,0
907,1971,Basic,Single,69371.05,1,0,5/17/13 12:24,55,501,6,252,8,40,0,4,0,9,12,7,1,1,0,1,1,4,1
908,1984,Postgraduate,Married,10000,1,2,11/19/11 17:21,25,376,6,206,0,40,88,2,0,1,17,9,1,0,1,0,1,0,1
909,2000,High School,Married,61912.1,4,2,11/30/15 3:34,7,0,0,138,67,53,0,0,6,6,19,6,1,0,0,1,0,1,1
910,1986,Postgraduate,Single,46696.18,1,2,9/13/20 11:18,81,0,52,161,33,53,0,6,4,3,13,2,1,0,0,0,0,4,0
911,1960,Graduate,Married,53840.82,3,0,11/1/21 3:16,93,438,6,46,33,27,0,5,12,1,17,7,0,0,1,0,1,4,0
912,1955,Postgraduate,Single,45151.43,2,1,1/22/11 6:00,94,0,35,115,75,27,88,9,13,5,1,3,1,1,1,0,0,4,1
913,1993,Basic,Single,66130.9,1,2,7/13/23 20:35,71,156,47,321,25,27,88,6,0,1,1,1,0,0,0,1,0,4,0
914,1960,Basic,Single,55446.79,1,0,6/17/16 23:21,97,376,29,206,8,40,88,1,5,9,2,4,0,1,0,1,0,3,0
915,1950,PhD,Widowed,51975.8,3,0,5/9/20 8:17,71,0,52,115,33,53,0,3,13,1,4,0,1,1,0,1,1,4,1
916,1999,PhD,Single,36517.09,0,1,9/27/18 3:12,24,125,6,275,8,40,44,1,5,6,15,7,0,1,1,0,1,3,0
917,1976,Graduate,Widowed,78234.38,0,2,12/30/19 5:14,11,250,52,0,50,27,0,7,13,0,14,7,0,1,0,0,1,3,0
918,1975,High School,Single,50148.97,4,0,9/18/13 19:47,73,501,52,115,67,53,88,6,3,6,11,2,1,1,0,1,0,0,1
919,1974,Postgraduate,Single,84347.09,3,1,5/3/22 5:23,12,469,47,275,67,13,44,0,6,9,8,0,0,0,1,1,1,1,0
920,1958,Graduate,Single,78913.54,2,2,2/12/14 16:32,35,219,35,298,42,0,44,1,6,4,13,3,1,1,1,0,0,3,0
921,1959,PhD,Married,23324.74,2,1,5/11/18 4:27,63,501,0,46,0,0,88,1,11,0,15,8,1,0,0,1,0,2,0
922,1996,Postgraduate,Widowed,40175.81,3,1,5/11/14 21:25,68,438,47,229,42,27,44,3,8,5,10,8,0,0,1,0,0,3,0
923,1957,PhD,Widowed,34445.73,2,0,3/27/23 3:50,92,0,6,46,33,40,44,2,11,6,5,0,1,0,0,0,1,2,1
924,1986,Postgraduate,Single,49276.91,0,0,7/20/20 5:32,57,344,17,46,25,13,88,0,0,0,9,6,1,1,0,0,0,0,1
925,1980,High School,Single,52807.46,2,0,7/19/22 8:12,13,125,47,206,42,53,44,1,4,8,7,5,0,1,1,1,1,2,0
926,1988,Graduate,Married,53448.9,2,1,9/14/21 14:39,23,156,17,229,42,40,44,8,14,6,15,6,1,1,0,0,0,0,1
927,1953,Postgraduate,Married,65811.93,3,0,1/9/13 21:37,83,0,12,321,42,27,88,0,9,0,2,6,0,1,0,1,1,0,1
928,1954,Basic,Married,72403.74,3,1,7/16/21 16:05,39,0,0,229,8,40,44,8,2,2,1,7,0,0,1,0,1,0,1
929,1970,Basic,Widowed,64512.32,2,1,4/30/10 3:23,88,282,35,321,50,27,44,6,6,4,15,7,1,1,0,1,1,2,0
930,1940,Postgraduate,Widowed,41585.97,1,0,2/13/19 16:03,80,282,29,206,25,0,44,1,3,3,18,9,0,1,1,1,1,2,0
931,1992,Postgraduate,Widowed,38269.64,3,2,9/15/22 4:06,97,63,52,229,67,0,44,1,3,1,8,1,1,0,0,0,1,0,1
932,1993,Postgraduate,Single,50041.43,4,2,4/13/10 6:23,12,501,17,161,75,40,88,4,12,0,15,3,0,0,1,0,1,0,1
933,1993,Basic,Widowed,56391.79,4,2,7/3/19 14:40,34,563,29,275,8,13,0,4,11,3,3,3,1,0,1,0,1,1,1
934,1942,Basic,Divorced,47252.13,0,1,3/26/16 7:22,71,313,29,92,33,53,0,3,0,6,9,9,1,0,1,0,1,0,1
935,1955,Postgraduate,Divorced,29817.73,2,1,5/31/17 1:32,75,532,17,69,25,27,44,9,0,3,18,7,0,0,1,1,0,4,0
936,1962,PhD,Married,60230.89,1,1,7/6/18 23:59,31,31,29,275,67,53,88,9,9,8,12,2,0,0,1,1,0,1,1
937,1996,PhD,Widowed,44115.28,0,0,7/19/22 16:58,93,250,52,184,25,0,88,2,1,7,17,2,1,0,1,1,0,1,0
938,1950,High School,Divorced,43662.31,2,1,6/11/17 18:42,62,501,41,184,59,13,44,3,14,7,14,1,1,1,0,1,0,1,0
939,1951,Graduate,Married,49180.81,3,0,7/3/23 12:52,13,407,12,0,59,13,0,9,1,4,3,0,0,1,0,1,0,4,0
940,1949,PhD,Widowed,46401.52,4,0,10/31/20 11:48,31,94,17,23,42,53,44,3,0,0,8,7,1,0,1,0,1,1,0
941,1971,Basic,Single,44502.48,1,2,11/19/20 17:44,2,501,52,161,42,0,88,1,7,8,3,8,1,0,0,0,1,1,0
942,1955,PhD,Divorced,30798.12,4,2,12/29/10 20:20,15,501,0,92,59,53,88,4,5,1,15,8,0,1,1,1,1,2,0
943,1947,High School,Single,48316.29,3,2,2/7/15 6:23,57,344,17,138,75,40,0,4,5,5,14,7,0,0,1,0,1,2,0
944,1977,High School,Widowed,60544.31,2,0,1/27/13 2:45,75,595,52,0,67,13,88,4,9,9,1,4,1,0,0,0,1,0,1
945,1951,Graduate,Divorced,53969.66,3,0,5/30/18 4:17,34,532,52,252,33,13,88,9,9,4,13,0,0,0,1,0,0,0,0
946,1963,PhD,Widowed,64221.82,3,0,5/26/10 20:14,68,63,47,206,0,40,88,0,8,9,2,8,0,0,0,0,0,3,1
947,1967,Basic,Single,39071.82,4,1,3/2/20 3:48,75,313,41,252,0,0,0,5,4,7,3,5,1,0,1,0,1,4,1
948,1992,Basic,Divorced,30829.12,1,0,10/5/18 8:45,29,532,17,92,8,13,88,1,14,2,0,6,0,1,1,0,0,2,1
949,1947,Postgraduate,Single,46312.25,3,2,12/21/19 14:11,66,94,35,229,75,27,44,6,3,5,8,7,0,0,0,1,0,0,1
950,1997,Basic,Widowed,40786.45,4,2,8/31/11 22:42,16,501,52,252,75,27,0,3,14,5,16,4,1,0,1,0,1,4,1
951,1967,Graduate,Widowed,42344.98,1,0,1/8/10 5:49,39,532,12,46,33,0,44,4,10,9,13,5,0,0,1,0,1,1,0
952,1975,Graduate,Single,53176.25,2,0,8/24/11 8:10,77,125,47,206,25,40,44,4,5,2,16,6,1,1,1,1,0,4,0
953,1965,Basic,Divorced,42453.79,2,2,7/16/21 0:34,37,407,52,252,0,53,0,4,7,6,0,6,0,1,0,1,0,2,1
954,1947,Basic,Single,31248.97,0,0,11/20/20 8:29,81,282,17,252,25,0,44,1,13,3,9,1,0,0,0,1,1,3,1
955,1997,Postgraduate,Widowed,41615.08,4,2,11/5/11 5:19,21,438,6,298,25,53,0,4,0,4,15,0,1,0,0,0,0,2,1
956,1999,Basic,Single,55100.89,1,1,10/22/15 0:53,44,0,52,23,75,0,44,2,6,8,18,7,0,0,0,1,1,0,0
957,1989,Postgraduate,Widowed,60072.21,3,2,11/16/18 11:49,19,469,23,23,25,27,0,3,7,5,2,4,0,0,0,0,0,0,1
958,1967,Postgraduate,Single,59921.34,2,1,8/6/10 17:21,71,313,6,184,0,40,88,1,8,9,11,9,0,1,1,1,0,4,0
959,1967,Basic,Divorced,56367.1,1,0,12/10/18 15:51,8,595,52,275,67,27,88,3,10,3,2,1,0,1,0,0,1,2,0
960,1976,High School,Divorced,47478.6,4,0,5/14/19 16:37,77,156,29,69,17,40,44,8,7,7,14,2,0,0,0,0,0,0,1
961,1980,High School,Single,56073.71,0,1,8/25/10 17:39,66,469,52,69,25,53,88,7,6,8,16,5,0,0,1,1,1,1,0
962,1975,Postgraduate,Single,49364.97,2,0,4/26/12 21:30,41,31,0,138,33,0,0,2,2,9,17,9,1,1,1,0,0,1,0
963,1966,Basic,Divorced,51696.44,1,1,1/14/11 0:18,75,0,29,206,50,13,44,0,1,4,6,5,0,1,0,0,0,3,0
964,1993,High School,Widowed,35910.1,1,0,12/10/20 18:03,88,250,17,206,42,13,88,0,14,1,18,7,0,0,1,0,1,4,1
965,1956,Basic,Divorced,50658.12,1,2,2/12/17 20:01,70,344,12,275,33,40,88,5,2,5,6,4,1,0,1,0,0,0,1
966,1948,Basic,Widowed,55679.99,4,0,11/20/10 8:41,61,501,6,23,59,40,44,2,3,7,4,4,1,0,1,1,1,3,1
967,1972,Basic,Single,55116.91,4,2,8/26/19 6:13,26,438,35,46,0,27,88,3,3,4,7,6,1,1,0,1,1,1,1
968,1992,PhD,Single,30687.21,4,2,1/29/14 7:24,71,563,47,46,50,13,88,0,5,0,15,9,0,1,1,1,0,3,1
969,1959,Basic,Widowed,51443.91,3,1,8/14/22 7:42,83,282,12,115,42,27,44,7,11,7,15,4,1,1,1,0,1,3,1
970,1952,PhD,Single,28341.66,1,0,10/31/12 17:13,70,344,29,46,33,53,88,0,6,8,18,8,1,1,0,1,1,0,1
971,1967,Postgraduate,Widowed,52605.15,2,1,9/24/14 2:41,29,407,47,229,50,13,88,4,11,0,14,5,0,0,1,1,1,0,1
972,1987,High School,Married,39479.94,4,0,3/1/21 18:09,66,250,6,92,17,53,88,5,3,7,6,6,1,1,1,0,0,0,0
973,1968,High School,Divorced,75584.64,4,2,5/5/11 4:35,19,376,35,69,0,0,88,1,9,9,4,7,0,1,0,1,1,4,1
974,1952,High School,Married,51788.65,1,2,9/3/14 22:27,68,63,23,46,67,27,44,6,5,1,10,4,0,1,0,1,1,3,0
975,1985,High School,Widowed,62017.46,4,0,3/1/14 4:12,58,407,23,161,8,40,0,6,8,3,9,3,0,0,0,1,0,3,0
976,1974,High School,Divorced,81663.09,3,0,2/2/17 13:11,70,282,35,298,75,13,0,0,13,1,8,7,0,1,1,0,1,4,1
977,2000,High School,Widowed,37738.97,3,1,4/27/10 4:21,57,469,47,206,17,27,88,3,5,1,0,9,0,1,0,1,1,1,0
978,1945,High School,Divorced,56535.12,4,0,12/29/21 12:35,37,188,17,46,59,40,88,3,13,9,19,8,1,1,0,1,1,2,0
979,1957,Postgraduate,Divorced,32211.33,1,0,9/28/11 21:29,61,94,47,115,75,0,0,4,2,2,0,0,0,0,1,1,0,1,1
980,1990,Basic,Divorced,55173.46,1,0,3/21/21 2:03,92,595,52,275,67,13,88,0,0,7,7,2,1,1,1,0,0,4,0
981,1944,Graduate,Divorced,76485.64,1,1,11/23/17 14:20,30,313,47,321,17,53,0,0,10,3,2,3,0,0,1,0,0,3,1
982,1986,PhD,Widowed,40581.75,0,0,8/15/14 7:47,71,469,17,138,42,0,44,6,9,6,1,6,1,0,1,1,0,3,0
983,1964,Graduate,Divorced,36710.69,4,2,8/24/22 23:00,73,595,12,138,50,40,44,8,9,9,3,5,0,1,1,1,0,0,0
984,1941,Graduate,Divorced,48632.39,1,1,8/29/14 15:36,25,94,6,23,0,13,44,0,12,2,18,9,0,0,0,1,0,0,1
985,1949,Basic,Married,80687.26,3,1,7/27/11 6:14,97,501,47,298,50,13,44,1,4,9,10,9,0,1,0,0,1,3,0
986,1995,Basic,Single,61565.58,2,2,12/24/13 11:40,65,376,6,46,25,0,44,5,9,2,4,0,1,0,0,0,0,3,0
987,1969,Basic,Single,36426.28,2,2,3/10/19 22:29,6,313,29,252,33,13,44,5,9,1,9,3,1,0,1,1,0,0,1
988,1989,High School,Married,71825.91,1,2,4/8/12 21:59,18,63,23,206,59,40,0,1,2,5,7,5,1,1,0,1,0,0,1
989,1998,Postgraduate,Married,25174.06,2,0,10/18/21 14:34,10,250,23,206,25,0,88,8,7,5,12,2,0,1,1,0,0,1,0
990,1984,High School,Widowed,82048.39,2,2,11/3/15 12:33,92,156,17,321,25,53,0,3,9,0,4,1,0,0,1,0,1,3,0
991,1944,Postgraduate,Widowed,62846.76,0,0,8/29/22 22:44,11,313,29,69,59,0,44,6,14,6,11,1,1,0,0,1,1,3,1
992,1994,Postgraduate,Widowed,76453.36,3,1,12/23/17 2:18,97,469,23,138,33,0,88,5,0,3,12,9,0,0,0,0,0,4,0
993,1995,Graduate,Married,25283.03,3,1,3/15/13 13:02,65,563,17,23,42,53,88,2,10,2,7,3,1,0,1,1,1,1,1
994,1972,Graduate,Married,52541.63,0,2,7/11/18 10:26,77,125,47,46,33,40,44,7,1,7,14,0,0,1,1,1,0,2,1
995,1993,Postgraduate,Divorced,47991.67,0,0,4/27/14 17:50,84,407,29,138,0,27,44,6,2,1,12,9,1,0,0,0,1,2,1
996,1940,Postgraduate,Widowed,34895.31,2,2,5/4/12 20:29,65,501,52,138,50,27,44,8,2,8,0,1,1,0,0,1,0,2,0
997,1957,High School,Widowed,30559.65,4,2,4/26/13 3:05,52,63,52,321,42,53,44,2,11,7,5,9,0,1,1,1,0,0,0
998,1971,High School,Widowed,57606.22,2,0,9/13/15 12:46,67,94,52,206,8,40,44,0,7,7,10,1,1,0,1,1,0,2,0
999,1986,Graduate,Single,58965.98,0,2,6/9/10 15:18,82,469,12,46,50,13,44,1,4,2,12,3,0,1,1,1,0,4,1
1000,1988,Basic,Divorced,69499.61,3,1,3/24/10 11:54,78,469,52,252,42,53,88,0,7,3,19,3,0,1,1,1,1,0,0
